y1,x1_NEWUOA,x1_BFGS,x1_CG,y2,x2_NEWUOA,x2_BFGS,x2_CG,y3,x3_NEWUOA,x3_BFGS,x3_CG,y4,x4_NEWUOA,x4_BFGS,x4_CG,y5,x5_NEWUOA,x5_BFGS,x5_CG,y6,x6_NEWUOA,x6_BFGS,x6_CG,y7,x7_NEWUOA,x7_BFGS,x7_CG,y8,x8_NEWUOA,x8_BFGS,x8_CG,y9,x9_NEWUOA,x9_BFGS,x9_CG
0.0,0.0,0.0,0.0,0.0,0.0,0.0,0.0,0.0,0.0,0.0,0.0,0.0,0.0,0.0,0.0,0.0,0.0,0.0,0.0,0.0,0.0,0.0,0.0,0.0,0.0,0.0,0.0,0.0,0.0,0.0,0.0,0.0,0.0,0.0,0.0
0.0,0.0,0.0,0.0,0.0,0.0,0.0,0.0,0.0,0.0,0.0,0.0,0.0,0.0,0.0,0.0,0.0,0.0,2e-06,2e-06,0.0,0.0,2e-06,2e-06,0.0,0.0,2e-06,2e-06,0.0,0.0,2e-06,2e-06,0.0,0.0,2e-06,2e-06
0.010416666666666666,0.0,0.0,0.0,0.010416666666666666,0.0,0.0,0.0,0.010416666666666666,0.0,0.0,0.0,0.010416666666666666,0.0,0.0,0.0,0.010416666666666666,0.0,2e-06,2e-06,0.010416666666666666,0.0,2e-06,2e-06,0.010416666666666666,0.0,2e-06,2e-06,0.010416666666666666,0.0,2e-06,2e-06,0.010416666666666666,0.0,2e-06,2e-06
0.010416666666666666,0.0,0.04199408866462698,0.0,0.010416666666666666,0.0,0.12509521998153295,0.0,0.010416666666666666,0.0,0.13450993581167914,0.0,0.010416666666666666,0.0,0.7811689111086096,0.30975338094126015,0.010416666666666666,0.0,2e-06,2e-06,0.010416666666666666,0.0,2e-06,2e-06,0.010416666666666666,0.0,2e-06,2e-06,0.010416666666666666,0.0,2e-06,2e-06,0.010416666666666666,0.0,2e-06,2e-06
0.020833333333333336,0.0,0.04199408866462698,0.0,0.020833333333333336,0.0,0.12509521998153295,0.0,0.020833333333333336,0.0,0.13450993581167914,0.0,0.020833333333333336,0.0,0.7811689111086096,0.30975338094126015,0.020833333333333336,0.0,2e-06,2e-06,0.020833333333333336,0.0,2e-06,2e-06,0.020833333333333336,0.0,2e-06,2e-06,0.020833333333333336,0.0,2e-06,2e-06,0.020833333333333336,0.0,2e-06,2e-06
0.020833333333333336,0.0,0.5849625007211562,0.06192774914320172,0.020833333333333336,0.0,4.380821783940931,0.1138198995571619,0.020833333333333336,0.0,1.3427545050772591,0.06954093325307703,0.020833333333333336,0.0,0.7811689111086096,0.7811689111086096,0.020833333333333336,0.0,2e-06,2e-06,0.020833333333333336,0.0,2e-06,2e-06,0.020833333333333336,0.0,2e-06,2e-06,0.020833333333333336,0.0,2e-06,2e-06,0.020833333333333336,0.0,2e-06,2e-06
0.03125,0.0,0.5849625007211562,0.06192774914320172,0.03125,0.0,4.380821783940931,0.1138198995571619,0.03125,0.0,1.3427545050772591,0.06954093325307703,0.03125,0.0,0.7811689111086096,0.7811689111086096,0.03125,0.0,2e-06,2e-06,0.03125,0.0,2e-06,2e-06,0.03125,0.0,2e-06,2e-06,0.03125,0.0,2e-06,2e-06,0.03125,0.0,2e-06,2e-06
0.03125,0.0,3.305610293004415,0.5849625007211562,0.03125,0.0,8.761643567881862,1.1525578694722243,0.03125,0.0,1.3427545050772591,0.6189098326444937,0.03125,0.0,0.7811689111086096,0.7811689111086096,0.03125,0.0,2e-06,2e-06,0.03125,0.0,2e-06,2e-06,0.03125,0.0,2e-06,2e-06,0.03125,0.0,2e-06,2e-06,0.03125,0.0,2e-06,2e-06
0.041666666666666664,0.0,3.305610293004415,0.5849625007211562,0.041666666666666664,0.0,8.761643567881862,1.1525578694722243,0.041666666666666664,0.0,1.3427545050772591,0.6189098326444937,0.041666666666666664,0.0,0.7811689111086096,0.7811689111086096,0.041666666666666664,0.0,2e-06,2e-06,0.041666666666666664,0.0,2e-06,2e-06,0.041666666666666664,0.0,2e-06,2e-06,0.041666666666666664,0.0,2e-06,2e-06,0.041666666666666664,0.0,2e-06,2e-06
0.041666666666666664,0.0,3.305610293004415,1.6528051465022076,0.041666666666666664,0.0,8.761643567881862,8.761643567881862,0.041666666666666664,0.0,1.3427545050772591,1.3427545050772591,0.041666666666666664,0.0,0.7811689111086096,0.7811689111086096,0.041666666666666664,0.0,2e-06,2e-06,0.041666666666666664,0.0,2e-06,2e-06,0.041666666666666664,0.0,2e-06,2e-06,0.041666666666666664,0.0,2e-06,2e-06,0.041666666666666664,0.0,2e-06,2e-06
0.052083333333333336,0.0,3.305610293004415,1.6528051465022076,0.052083333333333336,0.0,8.761643567881862,8.761643567881862,0.052083333333333336,0.0,1.3427545050772591,1.3427545050772591,0.052083333333333336,0.0,0.7811689111086096,0.7811689111086096,0.052083333333333336,0.0,2e-06,2e-06,0.052083333333333336,0.0,2e-06,2e-06,0.052083333333333336,0.0,2e-06,2e-06,0.052083333333333336,0.0,2e-06,2e-06,0.052083333333333336,0.0,2e-06,2e-06
0.052083333333333336,0.0,3.305610293004415,3.305610293004415,0.052083333333333336,0.0,8.761643567881862,8.761643567881862,0.052083333333333336,0.0,1.3427545050772591,1.3427545050772591,0.052083333333333336,0.0,0.7811689111086096,0.7811689111086096,0.052083333333333336,0.0,2e-06,2e-06,0.052083333333333336,0.0,2e-06,2e-06,0.052083333333333336,0.0,2e-06,2e-06,0.052083333333333336,0.0,2e-06,2e-06,0.052083333333333336,0.0,2e-06,2e-06
0.06250000000000001,0.0,3.305610293004415,3.305610293004415,0.06250000000000001,0.0,8.761643567881862,8.761643567881862,0.06250000000000001,0.0,1.3427545050772591,1.3427545050772591,0.06250000000000001,0.0,0.7811689111086096,0.7811689111086096,0.06250000000000001,0.0,2e-06,2e-06,0.06250000000000001,0.0,2e-06,2e-06,0.06250000000000001,0.0,2e-06,2e-06,0.06250000000000001,0.0,2e-06,2e-06,0.06250000000000001,0.0,2e-06,2e-06
0.06250000000000001,0.0,3.305610293004415,3.305610293004415,0.06250000000000001,0.0,8.761643567881862,8.761643567881862,0.06250000000000001,0.0,1.3427545050772591,1.3427545050772591,0.06250000000000001,0.0,0.7811689111086096,0.7811689111086096,0.06250000000000001,0.0,2e-06,2e-06,0.06250000000000001,0.0,2e-06,2e-06,0.06250000000000001,0.0,2e-06,2e-06,0.06250000000000001,0.0,2e-06,2e-06,0.06250000000000001,0.0,2e-06,2e-06
0.07291666666666667,0.0,3.305610293004415,3.305610293004415,0.07291666666666667,0.0,8.761643567881862,8.761643567881862,0.07291666666666667,0.0,1.3427545050772591,1.3427545050772591,0.07291666666666667,0.0,0.7811689111086096,0.7811689111086096,0.07291666666666667,0.0,2e-06,2e-06,0.07291666666666667,0.0,2e-06,2e-06,0.07291666666666667,0.0,2e-06,2e-06,0.07291666666666667,0.0,2e-06,2e-06,0.07291666666666667,0.0,2e-06,2e-06
0.07291666666666667,0.0,3.305610293004415,3.305610293004415,0.07291666666666667,0.0,8.761643567881862,8.761643567881862,0.07291666666666667,0.0,1.3427545050772591,1.3427545050772591,0.07291666666666667,0.0,0.7811689111086096,0.7811689111086096,0.07291666666666667,0.0,2e-06,2e-06,0.07291666666666667,0.0,2e-06,2e-06,0.07291666666666667,0.0,2e-06,2e-06,0.07291666666666667,0.0,2e-06,2e-06,0.07291666666666667,0.0,2e-06,2e-06
0.08333333333333334,0.0,3.305610293004415,3.305610293004415,0.08333333333333334,0.0,8.761643567881862,8.761643567881862,0.08333333333333334,0.0,1.3427545050772591,1.3427545050772591,0.08333333333333334,0.0,0.7811689111086096,0.7811689111086096,0.08333333333333334,0.0,2e-06,2e-06,0.08333333333333334,0.0,2e-06,2e-06,0.08333333333333334,0.0,2e-06,2e-06,0.08333333333333334,0.0,2e-06,2e-06,0.08333333333333334,0.0,2e-06,2e-06
0.08333333333333334,0.0,3.305610293004415,3.305610293004415,0.08333333333333334,0.0,8.761643567881862,8.761643567881862,0.08333333333333334,0.0,1.3427545050772591,1.3427545050772591,0.08333333333333334,0.0,0.7811689111086096,0.7811689111086096,0.08333333333333334,0.0,2e-06,2e-06,0.08333333333333334,0.0,2e-06,2e-06,0.08333333333333334,0.0,2e-06,2e-06,0.08333333333333334,0.0,2e-06,2e-06,0.08333333333333334,0.0,2e-06,2e-06
0.09375000000000001,0.0,3.305610293004415,3.305610293004415,0.09375000000000001,0.0,8.761643567881862,8.761643567881862,0.09375000000000001,0.0,1.3427545050772591,1.3427545050772591,0.09375000000000001,0.0,0.7811689111086096,0.7811689111086096,0.09375000000000001,0.0,2e-06,2e-06,0.09375000000000001,0.0,2e-06,2e-06,0.09375000000000001,0.0,2e-06,2e-06,0.09375000000000001,0.0,2e-06,2e-06,0.09375000000000001,0.0,2e-06,2e-06
0.09375000000000001,0.0,3.305610293004415,3.305610293004415,0.09375000000000001,0.0,8.761643567881862,8.761643567881862,0.09375000000000001,0.0,1.3427545050772591,1.3427545050772591,0.09375000000000001,0.0,0.7811689111086096,0.7811689111086096,0.09375000000000001,0.0,2e-06,2e-06,0.09375000000000001,0.0,2e-06,2e-06,0.09375000000000001,0.0,2e-06,2e-06,0.09375000000000001,0.0,2e-06,2e-06,0.09375000000000001,0.0,2e-06,2e-06
0.10416666666666669,0.0,3.305610293004415,3.305610293004415,0.10416666666666669,0.0,8.761643567881862,8.761643567881862,0.10416666666666669,0.0,1.3427545050772591,1.3427545050772591,0.10416666666666669,0.0,0.7811689111086096,0.7811689111086096,0.10416666666666669,0.0,2e-06,2e-06,0.10416666666666669,0.0,2e-06,2e-06,0.10416666666666669,0.0,2e-06,2e-06,0.10416666666666669,0.0,2e-06,2e-06,0.10416666666666669,0.0,2e-06,2e-06
0.10416666666666669,0.0,3.305610293004415,3.305610293004415,0.10416666666666669,0.0,8.761643567881862,8.761643567881862,0.10416666666666669,0.0,1.3427545050772591,1.3427545050772591,0.10416666666666669,0.0,0.7811689111086096,0.7811689111086096,0.10416666666666669,0.0,2e-06,2e-06,0.10416666666666669,0.0,2e-06,2e-06,0.10416666666666669,0.0,2e-06,2e-06,0.10416666666666669,0.0,2e-06,2e-06,0.10416666666666669,0.0,2e-06,2e-06
0.11458333333333336,0.0,3.305610293004415,3.305610293004415,0.11458333333333336,0.0,8.761643567881862,8.761643567881862,0.11458333333333336,0.0,1.3427545050772591,1.3427545050772591,0.11458333333333336,0.0,0.7811689111086096,0.7811689111086096,0.11458333333333336,0.0,2e-06,2e-06,0.11458333333333336,0.0,2e-06,2e-06,0.11458333333333336,0.0,2e-06,2e-06,0.11458333333333336,0.0,2e-06,2e-06,0.11458333333333336,0.0,2e-06,2e-06
0.11458333333333336,0.0,3.305610293004415,3.305610293004415,0.11458333333333336,0.0,8.761643567881862,8.761643567881862,0.11458333333333336,0.0,1.3427545050772591,1.3427545050772591,0.11458333333333336,0.0,0.7811689111086096,0.7811689111086096,0.11458333333333336,0.0,2e-06,2e-06,0.11458333333333336,0.0,2e-06,2e-06,0.11458333333333336,0.0,2e-06,2e-06,0.11458333333333336,0.0,2e-06,2e-06,0.11458333333333336,0.0,2e-06,2e-06
0.125,0.0,3.305610293004415,3.305610293004415,0.125,0.0,8.761643567881862,8.761643567881862,0.125,0.0,1.3427545050772591,1.3427545050772591,0.125,0.0,0.7811689111086096,0.7811689111086096,0.125,0.0,2e-06,2e-06,0.125,0.0,2e-06,2e-06,0.125,0.0,2e-06,2e-06,0.125,0.0,2e-06,2e-06,0.125,0.0,2e-06,2e-06
0.125,0.0,3.305610293004415,3.305610293004415,0.125,0.0,8.761643567881862,8.761643567881862,0.125,0.0,1.3427545050772591,1.3427545050772591,0.125,0.0,0.7811689111086096,0.7811689111086096,0.125,0.0,2e-06,2e-06,0.125,0.0,2e-06,2e-06,0.125,0.0,2e-06,2e-06,0.125,0.0,2e-06,2e-06,0.125,0.0,2e-06,2e-06
0.13541666666666666,0.0,3.305610293004415,3.305610293004415,0.13541666666666666,0.0,8.761643567881862,8.761643567881862,0.13541666666666666,0.0,1.3427545050772591,1.3427545050772591,0.13541666666666666,0.0,0.7811689111086096,0.7811689111086096,0.13541666666666666,0.0,2e-06,2e-06,0.13541666666666666,0.0,2e-06,2e-06,0.13541666666666666,0.0,2e-06,2e-06,0.13541666666666666,0.0,2e-06,2e-06,0.13541666666666666,0.0,2e-06,2e-06
0.13541666666666666,0.0,3.305610293004415,3.305610293004415,0.13541666666666666,0.0,8.761643567881862,8.761643567881862,0.13541666666666666,0.0,1.3427545050772591,1.3427545050772591,0.13541666666666666,0.0,0.7811689111086096,0.7811689111086096,0.13541666666666666,0.0,2e-06,2e-06,0.13541666666666666,0.0,2e-06,2e-06,0.13541666666666666,0.0,2e-06,2e-06,0.13541666666666666,0.0,2e-06,2e-06,0.13541666666666666,0.0,2e-06,2e-06
0.14583333333333334,0.0,3.305610293004415,3.305610293004415,0.14583333333333334,0.0,8.761643567881862,8.761643567881862,0.14583333333333334,0.0,1.3427545050772591,1.3427545050772591,0.14583333333333334,0.0,0.7811689111086096,0.7811689111086096,0.14583333333333334,0.0,2e-06,2e-06,0.14583333333333334,0.0,2e-06,2e-06,0.14583333333333334,0.0,2e-06,2e-06,0.14583333333333334,0.0,2e-06,2e-06,0.14583333333333334,0.0,2e-06,2e-06
0.14583333333333334,0.0,3.305610293004415,3.305610293004415,0.14583333333333334,0.0,8.761643567881862,8.761643567881862,0.14583333333333334,0.0,1.3427545050772591,1.3427545050772591,0.14583333333333334,0.0,0.7811689111086096,0.7811689111086096,0.14583333333333334,0.0,2e-06,2e-06,0.14583333333333334,0.0,2e-06,2e-06,0.14583333333333334,0.0,2e-06,2e-06,0.14583333333333334,0.0,2e-06,2e-06,0.14583333333333334,0.0,2e-06,2e-06
0.15625,0.0,3.305610293004415,3.305610293004415,0.15625,0.0,8.761643567881862,8.761643567881862,0.15625,0.0,1.3427545050772591,1.3427545050772591,0.15625,0.0,0.7811689111086096,0.7811689111086096,0.15625,0.0,2e-06,2e-06,0.15625,0.0,2e-06,2e-06,0.15625,0.0,2e-06,2e-06,0.15625,0.0,2e-06,2e-06,0.15625,0.0,2e-06,2e-06
0.15625,0.0,3.305610293004415,3.305610293004415,0.15625,0.0,8.761643567881862,8.761643567881862,0.15625,0.0,1.3427545050772591,1.3427545050772591,0.15625,0.0,0.7811689111086096,0.7811689111086096,0.15625,0.0,2e-06,2e-06,0.15625,0.0,2e-06,2e-06,0.15625,0.0,2e-06,2e-06,0.15625,0.0,2e-06,2e-06,0.15625,0.0,2e-06,2e-06
0.16666666666666669,0.0,3.305610293004415,3.305610293004415,0.16666666666666669,0.0,8.761643567881862,8.761643567881862,0.16666666666666669,0.0,1.3427545050772591,1.3427545050772591,0.16666666666666669,0.0,0.7811689111086096,0.7811689111086096,0.16666666666666669,0.0,2e-06,2e-06,0.16666666666666669,0.0,2e-06,2e-06,0.16666666666666669,0.0,2e-06,2e-06,0.16666666666666669,0.0,2e-06,2e-06,0.16666666666666669,0.0,2e-06,2e-06
0.16666666666666669,0.0,3.305610293004415,3.305610293004415,0.16666666666666669,0.0,8.761643567881862,8.761643567881862,0.16666666666666669,0.0,1.3427545050772591,1.3427545050772591,0.16666666666666669,0.0,0.7811689111086096,0.7811689111086096,0.16666666666666669,0.0,2e-06,2e-06,0.16666666666666669,0.0,2e-06,2e-06,0.16666666666666669,0.0,2e-06,2e-06,0.16666666666666669,0.0,2e-06,2e-06,0.16666666666666669,0.0,2e-06,2e-06
0.17708333333333334,0.0,3.305610293004415,3.305610293004415,0.17708333333333334,0.0,8.761643567881862,8.761643567881862,0.17708333333333334,0.0,1.3427545050772591,1.3427545050772591,0.17708333333333334,0.0,0.7811689111086096,0.7811689111086096,0.17708333333333334,0.0,2e-06,2e-06,0.17708333333333334,0.0,2e-06,2e-06,0.17708333333333334,0.0,2e-06,2e-06,0.17708333333333334,0.0,2e-06,2e-06,0.17708333333333334,0.0,2e-06,2e-06
0.17708333333333334,0.0,3.305610293004415,3.305610293004415,0.17708333333333334,0.0,8.761643567881862,8.761643567881862,0.17708333333333334,0.0,1.3427545050772591,1.3427545050772591,0.17708333333333334,0.0,0.7811689111086096,0.7811689111086096,0.17708333333333334,0.0,2e-06,2e-06,0.17708333333333334,0.0,2e-06,2e-06,0.17708333333333334,0.0,2e-06,2e-06,0.17708333333333334,0.0,2e-06,2e-06,0.17708333333333334,0.0,2e-06,2e-06
0.1875,0.0,3.305610293004415,3.305610293004415,0.1875,0.0,8.761643567881862,8.761643567881862,0.1875,0.0,1.3427545050772591,1.3427545050772591,0.1875,0.0,0.7811689111086096,0.7811689111086096,0.1875,0.0,2e-06,2e-06,0.1875,0.0,2e-06,2e-06,0.1875,0.0,2e-06,2e-06,0.1875,0.0,2e-06,2e-06,0.1875,0.0,2e-06,2e-06
0.1875,0.0,3.305610293004415,3.305610293004415,0.1875,0.0,8.761643567881862,8.761643567881862,0.1875,0.0,1.3427545050772591,1.3427545050772591,0.1875,0.0,0.7811689111086096,0.7811689111086096,0.1875,0.0,2e-06,2e-06,0.1875,0.0,2e-06,2e-06,0.1875,0.0,2e-06,2e-06,0.1875,0.0,2e-06,2e-06,0.1875,0.0,2e-06,2e-06
0.19791666666666669,0.0,3.305610293004415,3.305610293004415,0.19791666666666669,0.0,8.761643567881862,8.761643567881862,0.19791666666666669,0.0,1.3427545050772591,1.3427545050772591,0.19791666666666669,0.0,0.7811689111086096,0.7811689111086096,0.19791666666666669,0.0,2e-06,2e-06,0.19791666666666669,0.0,2e-06,2e-06,0.19791666666666669,0.0,2e-06,2e-06,0.19791666666666669,0.0,2e-06,2e-06,0.19791666666666669,0.0,2e-06,2e-06
0.19791666666666669,0.0,3.305610293004415,3.305610293004415,0.19791666666666669,0.0,8.761643567881862,8.761643567881862,0.19791666666666669,0.0,1.3427545050772591,1.3427545050772591,0.19791666666666669,0.0,0.7811689111086096,0.7811689111086096,0.19791666666666669,0.0,2e-06,2e-06,0.19791666666666669,0.0,2e-06,2e-06,0.19791666666666669,0.0,2e-06,2e-06,0.19791666666666669,0.0,2e-06,2e-06,0.19791666666666669,0.0,2e-06,2e-06
0.20833333333333334,0.0,3.305610293004415,3.305610293004415,0.20833333333333334,0.0,8.761643567881862,8.761643567881862,0.20833333333333334,0.0,1.3427545050772591,1.3427545050772591,0.20833333333333334,0.0,0.7811689111086096,0.7811689111086096,0.20833333333333334,0.0,2e-06,2e-06,0.20833333333333334,0.0,2e-06,2e-06,0.20833333333333334,0.0,2e-06,2e-06,0.20833333333333334,0.0,2e-06,2e-06,0.20833333333333334,0.0,2e-06,2e-06
0.20833333333333334,0.0,3.305610293004415,3.305610293004415,0.20833333333333334,0.0,8.761643567881862,8.761643567881862,0.20833333333333334,0.0,1.3427545050772591,1.3427545050772591,0.20833333333333334,0.0,0.7811689111086096,0.7811689111086096,0.20833333333333334,0.0,2e-06,2e-06,0.20833333333333334,0.0,2e-06,2e-06,0.20833333333333334,0.0,2e-06,2e-06,0.20833333333333334,0.0,2e-06,2e-06,0.20833333333333334,0.0,2e-06,2e-06
0.21875000000000003,0.0,3.305610293004415,3.305610293004415,0.21875000000000003,0.0,8.761643567881862,8.761643567881862,0.21875000000000003,0.0,1.3427545050772591,1.3427545050772591,0.21875000000000003,0.0,0.7811689111086096,0.7811689111086096,0.21875000000000003,0.0,2e-06,2e-06,0.21875000000000003,0.0,2e-06,2e-06,0.21875000000000003,0.0,2e-06,2e-06,0.21875000000000003,0.0,2e-06,2e-06,0.21875000000000003,0.0,2e-06,2e-06
0.21875000000000003,0.0,3.305610293004415,3.305610293004415,0.21875000000000003,0.0,8.761643567881862,8.761643567881862,0.21875000000000003,0.0,1.3427545050772591,1.3427545050772591,0.21875000000000003,0.0,0.7811689111086096,0.7811689111086096,0.21875000000000003,0.0,2e-06,2e-06,0.21875000000000003,0.0,2e-06,2e-06,0.21875000000000003,0.0,2e-06,2e-06,0.21875000000000003,0.0,2e-06,2e-06,0.21875000000000003,2e-06,2e-06,2e-06
0.22916666666666669,0.0,3.305610293004415,3.305610293004415,0.22916666666666669,0.0,8.761643567881862,8.761643567881862,0.22916666666666669,0.0,1.3427545050772591,1.3427545050772591,0.22916666666666669,0.0,0.7811689111086096,0.7811689111086096,0.22916666666666669,0.0,2e-06,2e-06,0.22916666666666669,0.0,2e-06,2e-06,0.22916666666666669,0.0,2e-06,2e-06,0.22916666666666669,0.0,2e-06,2e-06,0.22916666666666669,2e-06,2e-06,2e-06
0.22916666666666669,0.0,3.305610293004415,3.305610293004415,0.22916666666666669,0.0,8.761643567881862,8.761643567881862,0.22916666666666669,0.0,1.3427545050772591,1.3427545050772591,0.22916666666666669,0.0,0.7811689111086096,0.7811689111086096,0.22916666666666669,0.0,2e-06,2e-06,0.22916666666666669,0.0,2e-06,2e-06,0.22916666666666669,0.0,2e-06,2e-06,0.22916666666666669,0.0,2e-06,2e-06,0.22916666666666669,2e-06,2e-06,2e-06
0.23958333333333334,0.0,3.305610293004415,3.305610293004415,0.23958333333333334,0.0,8.761643567881862,8.761643567881862,0.23958333333333334,0.0,1.3427545050772591,1.3427545050772591,0.23958333333333334,0.0,0.7811689111086096,0.7811689111086096,0.23958333333333334,0.0,2e-06,2e-06,0.23958333333333334,0.0,2e-06,2e-06,0.23958333333333334,0.0,2e-06,2e-06,0.23958333333333334,0.0,2e-06,2e-06,0.23958333333333334,2e-06,2e-06,2e-06
0.23958333333333334,0.0,3.305610293004415,3.305610293004415,0.23958333333333334,0.0,8.761643567881862,8.761643567881862,0.23958333333333334,0.0,1.3427545050772591,1.3427545050772591,0.23958333333333334,0.0,0.7811689111086096,0.7811689111086096,0.23958333333333334,0.0,2e-06,2e-06,0.23958333333333334,0.0,2e-06,2e-06,0.23958333333333334,0.0,2e-06,2e-06,0.23958333333333334,0.0,2e-06,2e-06,0.23958333333333334,2e-06,2e-06,2e-06
0.25000000000000006,0.0,3.305610293004415,3.305610293004415,0.25000000000000006,0.0,8.761643567881862,8.761643567881862,0.25000000000000006,0.0,1.3427545050772591,1.3427545050772591,0.25000000000000006,0.0,0.7811689111086096,0.7811689111086096,0.25000000000000006,0.0,2e-06,2e-06,0.25000000000000006,0.0,2e-06,2e-06,0.25000000000000006,0.0,2e-06,2e-06,0.25000000000000006,0.0,2e-06,2e-06,0.25000000000000006,2e-06,2e-06,2e-06
0.25000000000000006,0.0,3.305610293004415,3.305610293004415,0.25000000000000006,0.0,8.761643567881862,8.761643567881862,0.25000000000000006,0.0,1.3427545050772591,1.3427545050772591,0.25000000000000006,0.0,0.7811689111086096,0.7811689111086096,0.25000000000000006,0.0,2e-06,2e-06,0.25000000000000006,0.0,2e-06,2e-06,0.25000000000000006,0.0,2e-06,2e-06,0.25000000000000006,0.0,2e-06,2e-06,0.25000000000000006,2e-06,2e-06,2e-06
0.2604166666666667,0.0,3.305610293004415,3.305610293004415,0.2604166666666667,0.0,8.761643567881862,8.761643567881862,0.2604166666666667,0.0,1.3427545050772591,1.3427545050772591,0.2604166666666667,0.0,0.7811689111086096,0.7811689111086096,0.2604166666666667,0.0,2e-06,2e-06,0.2604166666666667,0.0,2e-06,2e-06,0.2604166666666667,0.0,2e-06,2e-06,0.2604166666666667,0.0,2e-06,2e-06,0.2604166666666667,2e-06,2e-06,2e-06
0.2604166666666667,0.0,3.305610293004415,3.305610293004415,0.2604166666666667,0.0,8.761643567881862,8.761643567881862,0.2604166666666667,0.0,1.3427545050772591,1.3427545050772591,0.2604166666666667,0.0,0.7811689111086096,0.7811689111086096,0.2604166666666667,0.0,2e-06,2e-06,0.2604166666666667,0.0,2e-06,2e-06,0.2604166666666667,0.0,2e-06,2e-06,0.2604166666666667,0.0,2e-06,2e-06,0.2604166666666667,2e-06,2e-06,2e-06
0.27083333333333337,0.0,3.305610293004415,3.305610293004415,0.27083333333333337,0.0,8.761643567881862,8.761643567881862,0.27083333333333337,0.0,1.3427545050772591,1.3427545050772591,0.27083333333333337,0.0,0.7811689111086096,0.7811689111086096,0.27083333333333337,0.0,2e-06,2e-06,0.27083333333333337,0.0,2e-06,2e-06,0.27083333333333337,0.0,2e-06,2e-06,0.27083333333333337,0.0,2e-06,2e-06,0.27083333333333337,2e-06,2e-06,2e-06
0.27083333333333337,0.0,3.305610293004415,3.305610293004415,0.27083333333333337,0.0,8.761643567881862,8.761643567881862,0.27083333333333337,0.0,1.3427545050772591,1.3427545050772591,0.27083333333333337,0.0,0.7811689111086096,0.7811689111086096,0.27083333333333337,0.0,2e-06,2e-06,0.27083333333333337,0.0,2e-06,2e-06,0.27083333333333337,0.0,2e-06,2e-06,0.27083333333333337,0.0,2e-06,2e-06,0.27083333333333337,2e-06,2e-06,2e-06
0.28125000000000006,0.0,3.305610293004415,3.305610293004415,0.28125000000000006,0.0,8.761643567881862,8.761643567881862,0.28125000000000006,0.0,1.3427545050772591,1.3427545050772591,0.28125000000000006,0.0,0.7811689111086096,0.7811689111086096,0.28125000000000006,0.0,2e-06,2e-06,0.28125000000000006,0.0,2e-06,2e-06,0.28125000000000006,0.0,2e-06,2e-06,0.28125000000000006,0.0,2e-06,2e-06,0.28125000000000006,2e-06,2e-06,2e-06
0.28125000000000006,0.0,3.305610293004415,3.305610293004415,0.28125000000000006,0.0,8.761643567881862,8.761643567881862,0.28125000000000006,0.0,1.3427545050772591,1.3427545050772591,0.28125000000000006,0.0,0.7811689111086096,0.7811689111086096,0.28125000000000006,0.0,2e-06,2e-06,0.28125000000000006,0.0,2e-06,2e-06,0.28125000000000006,0.0,2e-06,2e-06,0.28125000000000006,0.0,2e-06,2e-06,0.28125000000000006,2e-06,2e-06,2e-06
0.29166666666666674,0.0,3.305610293004415,3.305610293004415,0.29166666666666674,0.0,8.761643567881862,8.761643567881862,0.29166666666666674,0.0,1.3427545050772591,1.3427545050772591,0.29166666666666674,0.0,0.7811689111086096,0.7811689111086096,0.29166666666666674,0.0,2e-06,2e-06,0.29166666666666674,0.0,2e-06,2e-06,0.29166666666666674,0.0,2e-06,2e-06,0.29166666666666674,0.0,2e-06,2e-06,0.29166666666666674,2e-06,2e-06,2e-06
0.29166666666666674,0.0,3.305610293004415,3.305610293004415,0.29166666666666674,0.0,8.761643567881862,8.761643567881862,0.29166666666666674,0.0,1.3427545050772591,1.3427545050772591,0.29166666666666674,0.0,0.7811689111086096,0.7811689111086096,0.29166666666666674,0.0,2e-06,2e-06,0.29166666666666674,0.0,2e-06,2e-06,0.29166666666666674,0.0,2e-06,2e-06,0.29166666666666674,0.0,2e-06,2e-06,0.29166666666666674,2e-06,2e-06,2e-06
0.30208333333333337,0.0,3.305610293004415,3.305610293004415,0.30208333333333337,0.0,8.761643567881862,8.761643567881862,0.30208333333333337,0.0,1.3427545050772591,1.3427545050772591,0.30208333333333337,0.0,0.7811689111086096,0.7811689111086096,0.30208333333333337,0.0,2e-06,2e-06,0.30208333333333337,0.0,2e-06,2e-06,0.30208333333333337,0.0,2e-06,2e-06,0.30208333333333337,0.0,2e-06,2e-06,0.30208333333333337,2e-06,2e-06,2e-06
0.30208333333333337,0.0,3.305610293004415,3.305610293004415,0.30208333333333337,0.0,8.761643567881862,8.761643567881862,0.30208333333333337,0.0,1.3427545050772591,1.3427545050772591,0.30208333333333337,0.0,0.7811689111086096,0.7811689111086096,0.30208333333333337,0.0,2e-06,2e-06,0.30208333333333337,0.0,2e-06,2e-06,0.30208333333333337,0.0,2e-06,2e-06,0.30208333333333337,2e-06,2e-06,2e-06,0.30208333333333337,2e-06,2e-06,2e-06
0.31250000000000006,0.0,3.305610293004415,3.305610293004415,0.31250000000000006,0.0,8.761643567881862,8.761643567881862,0.31250000000000006,0.0,1.3427545050772591,1.3427545050772591,0.31250000000000006,0.0,0.7811689111086096,0.7811689111086096,0.31250000000000006,0.0,2e-06,2e-06,0.31250000000000006,0.0,2e-06,2e-06,0.31250000000000006,0.0,2e-06,2e-06,0.31250000000000006,2e-06,2e-06,2e-06,0.31250000000000006,2e-06,2e-06,2e-06
0.31250000000000006,0.0,3.305610293004415,3.305610293004415,0.31250000000000006,0.0,8.761643567881862,8.761643567881862,0.31250000000000006,0.0,1.3427545050772591,1.3427545050772591,0.31250000000000006,0.0,0.7811689111086096,0.7811689111086096,0.31250000000000006,0.0,2e-06,2e-06,0.31250000000000006,0.0,2e-06,2e-06,0.31250000000000006,0.0,2e-06,2e-06,0.31250000000000006,2e-06,2e-06,2e-06,0.31250000000000006,2e-06,2e-06,2e-06
0.32291666666666674,0.0,3.305610293004415,3.305610293004415,0.32291666666666674,0.0,8.761643567881862,8.761643567881862,0.32291666666666674,0.0,1.3427545050772591,1.3427545050772591,0.32291666666666674,0.0,0.7811689111086096,0.7811689111086096,0.32291666666666674,0.0,2e-06,2e-06,0.32291666666666674,0.0,2e-06,2e-06,0.32291666666666674,0.0,2e-06,2e-06,0.32291666666666674,2e-06,2e-06,2e-06,0.32291666666666674,2e-06,2e-06,2e-06
0.32291666666666674,0.0,3.305610293004415,3.305610293004415,0.32291666666666674,0.0,8.761643567881862,8.761643567881862,0.32291666666666674,0.0,1.3427545050772591,1.3427545050772591,0.32291666666666674,0.0,0.7811689111086096,0.7811689111086096,0.32291666666666674,0.0,2e-06,2e-06,0.32291666666666674,0.0,2e-06,2e-06,0.32291666666666674,0.0,2e-06,2e-06,0.32291666666666674,2e-06,2e-06,2e-06,0.32291666666666674,2e-06,2e-06,2e-06
0.33333333333333337,0.0,3.305610293004415,3.305610293004415,0.33333333333333337,0.0,8.761643567881862,8.761643567881862,0.33333333333333337,0.0,1.3427545050772591,1.3427545050772591,0.33333333333333337,0.0,0.7811689111086096,0.7811689111086096,0.33333333333333337,0.0,2e-06,2e-06,0.33333333333333337,0.0,2e-06,2e-06,0.33333333333333337,0.0,2e-06,2e-06,0.33333333333333337,2e-06,2e-06,2e-06,0.33333333333333337,2e-06,2e-06,2e-06
0.33333333333333337,0.0,3.305610293004415,3.305610293004415,0.33333333333333337,0.0,8.761643567881862,8.761643567881862,0.33333333333333337,0.0,1.3427545050772591,1.3427545050772591,0.33333333333333337,0.0,0.7811689111086096,0.7811689111086096,0.33333333333333337,0.0,2e-06,2e-06,0.33333333333333337,0.0,2e-06,2e-06,0.33333333333333337,0.0,2e-06,2e-06,0.33333333333333337,2e-06,2e-06,2e-06,0.33333333333333337,2e-06,2e-06,2e-06
0.34375000000000006,0.0,3.305610293004415,3.305610293004415,0.34375000000000006,0.0,8.761643567881862,8.761643567881862,0.34375000000000006,0.0,1.3427545050772591,1.3427545050772591,0.34375000000000006,0.0,0.7811689111086096,0.7811689111086096,0.34375000000000006,0.0,2e-06,2e-06,0.34375000000000006,0.0,2e-06,2e-06,0.34375000000000006,0.0,2e-06,2e-06,0.34375000000000006,2e-06,2e-06,2e-06,0.34375000000000006,2e-06,2e-06,2e-06
0.34375000000000006,0.0,3.305610293004415,3.305610293004415,0.34375000000000006,0.0,8.761643567881862,8.761643567881862,0.34375000000000006,0.0,1.3427545050772591,1.3427545050772591,0.34375000000000006,0.0,0.7811689111086096,0.7811689111086096,0.34375000000000006,0.0,2e-06,2e-06,0.34375000000000006,0.0,2e-06,2e-06,0.34375000000000006,0.0,2e-06,2e-06,0.34375000000000006,2e-06,2e-06,2e-06,0.34375000000000006,2e-06,2e-06,2e-06
0.35416666666666674,0.0,3.305610293004415,3.305610293004415,0.35416666666666674,0.0,8.761643567881862,8.761643567881862,0.35416666666666674,0.0,1.3427545050772591,1.3427545050772591,0.35416666666666674,0.0,0.7811689111086096,0.7811689111086096,0.35416666666666674,0.0,2e-06,2e-06,0.35416666666666674,0.0,2e-06,2e-06,0.35416666666666674,0.0,2e-06,2e-06,0.35416666666666674,2e-06,2e-06,2e-06,0.35416666666666674,2e-06,2e-06,2e-06
0.35416666666666674,0.0,3.305610293004415,3.305610293004415,0.35416666666666674,0.0,8.761643567881862,8.761643567881862,0.35416666666666674,0.0,1.3427545050772591,1.3427545050772591,0.35416666666666674,0.0,0.7811689111086096,0.7811689111086096,0.35416666666666674,0.0,2e-06,2e-06,0.35416666666666674,0.0,2e-06,2e-06,0.35416666666666674,0.0,2e-06,2e-06,0.35416666666666674,2e-06,2e-06,2e-06,0.35416666666666674,2e-06,2e-06,2e-06
0.36458333333333337,0.0,3.305610293004415,3.305610293004415,0.36458333333333337,0.0,8.761643567881862,8.761643567881862,0.36458333333333337,0.0,1.3427545050772591,1.3427545050772591,0.36458333333333337,0.0,0.7811689111086096,0.7811689111086096,0.36458333333333337,0.0,2e-06,2e-06,0.36458333333333337,0.0,2e-06,2e-06,0.36458333333333337,0.0,2e-06,2e-06,0.36458333333333337,2e-06,2e-06,2e-06,0.36458333333333337,2e-06,2e-06,2e-06
0.36458333333333337,0.0,3.305610293004415,3.305610293004415,0.36458333333333337,0.0,8.761643567881862,8.761643567881862,0.36458333333333337,0.0,1.3427545050772591,1.3427545050772591,0.36458333333333337,0.0,0.7811689111086096,0.7811689111086096,0.36458333333333337,0.0,2e-06,2e-06,0.36458333333333337,0.0,2e-06,2e-06,0.36458333333333337,0.0,2e-06,2e-06,0.36458333333333337,2e-06,2e-06,2e-06,0.36458333333333337,2e-06,2e-06,2e-06
0.37500000000000006,0.0,3.305610293004415,3.305610293004415,0.37500000000000006,0.0,8.761643567881862,8.761643567881862,0.37500000000000006,0.0,1.3427545050772591,1.3427545050772591,0.37500000000000006,0.0,0.7811689111086096,0.7811689111086096,0.37500000000000006,0.0,2e-06,2e-06,0.37500000000000006,0.0,2e-06,2e-06,0.37500000000000006,0.0,2e-06,2e-06,0.37500000000000006,2e-06,2e-06,2e-06,0.37500000000000006,2e-06,2e-06,2e-06
0.37500000000000006,0.0,3.305610293004415,3.305610293004415,0.37500000000000006,0.0,8.761643567881862,8.761643567881862,0.37500000000000006,0.0,1.3427545050772591,1.3427545050772591,0.37500000000000006,0.0,0.7811689111086096,0.7811689111086096,0.37500000000000006,0.0,2e-06,2e-06,0.37500000000000006,0.0,2e-06,2e-06,0.37500000000000006,0.0,2e-06,2e-06,0.37500000000000006,2e-06,2e-06,2e-06,0.37500000000000006,2e-06,2e-06,2e-06
0.38541666666666674,0.0,3.305610293004415,3.305610293004415,0.38541666666666674,0.0,8.761643567881862,8.761643567881862,0.38541666666666674,0.0,1.3427545050772591,1.3427545050772591,0.38541666666666674,0.0,0.7811689111086096,0.7811689111086096,0.38541666666666674,0.0,2e-06,2e-06,0.38541666666666674,0.0,2e-06,2e-06,0.38541666666666674,0.0,2e-06,2e-06,0.38541666666666674,2e-06,2e-06,2e-06,0.38541666666666674,2e-06,2e-06,2e-06
0.38541666666666674,0.0,3.305610293004415,3.305610293004415,0.38541666666666674,0.0,8.761643567881862,8.761643567881862,0.38541666666666674,0.0,1.3427545050772591,1.3427545050772591,0.38541666666666674,0.0,0.7811689111086096,0.7811689111086096,0.38541666666666674,0.0,2e-06,2e-06,0.38541666666666674,0.0,2e-06,2e-06,0.38541666666666674,0.0,2e-06,2e-06,0.38541666666666674,2e-06,2e-06,2e-06,0.38541666666666674,2e-06,2e-06,2e-06
0.39583333333333337,0.0,3.305610293004415,3.305610293004415,0.39583333333333337,0.0,8.761643567881862,8.761643567881862,0.39583333333333337,0.0,1.3427545050772591,1.3427545050772591,0.39583333333333337,0.0,0.7811689111086096,0.7811689111086096,0.39583333333333337,0.0,2e-06,2e-06,0.39583333333333337,0.0,2e-06,2e-06,0.39583333333333337,0.0,2e-06,2e-06,0.39583333333333337,2e-06,2e-06,2e-06,0.39583333333333337,2e-06,2e-06,2e-06
0.39583333333333337,0.0,3.305610293004415,3.305610293004415,0.39583333333333337,0.0,8.761643567881862,8.761643567881862,0.39583333333333337,0.0,1.3427545050772591,1.3427545050772591,0.39583333333333337,0.0,0.7811689111086096,0.7811689111086096,0.39583333333333337,0.0,2e-06,2e-06,0.39583333333333337,0.0,2e-06,2e-06,0.39583333333333337,0.0,2e-06,2e-06,0.39583333333333337,2e-06,2e-06,2e-06,0.39583333333333337,2e-06,2e-06,2e-06
0.40625000000000006,0.0,3.305610293004415,3.305610293004415,0.40625000000000006,0.0,8.761643567881862,8.761643567881862,0.40625000000000006,0.0,1.3427545050772591,1.3427545050772591,0.40625000000000006,0.0,0.7811689111086096,0.7811689111086096,0.40625000000000006,0.0,2e-06,2e-06,0.40625000000000006,0.0,2e-06,2e-06,0.40625000000000006,0.0,2e-06,2e-06,0.40625000000000006,2e-06,2e-06,2e-06,0.40625000000000006,2e-06,2e-06,2e-06
0.40625000000000006,0.0,3.305610293004415,3.305610293004415,0.40625000000000006,0.0,8.761643567881862,8.761643567881862,0.40625000000000006,0.0,1.3427545050772591,1.3427545050772591,0.40625000000000006,0.0,0.7811689111086096,0.7811689111086096,0.40625000000000006,0.0,2e-06,2e-06,0.40625000000000006,0.0,2e-06,2e-06,0.40625000000000006,2e-06,2e-06,2e-06,0.40625000000000006,2e-06,2e-06,2e-06,0.40625000000000006,2e-06,2e-06,2e-06
0.41666666666666674,0.0,3.305610293004415,3.305610293004415,0.41666666666666674,0.0,8.761643567881862,8.761643567881862,0.41666666666666674,0.0,1.3427545050772591,1.3427545050772591,0.41666666666666674,0.0,0.7811689111086096,0.7811689111086096,0.41666666666666674,0.0,2e-06,2e-06,0.41666666666666674,0.0,2e-06,2e-06,0.41666666666666674,2e-06,2e-06,2e-06,0.41666666666666674,2e-06,2e-06,2e-06,0.41666666666666674,2e-06,2e-06,2e-06
0.41666666666666674,0.0,3.305610293004415,3.305610293004415,0.41666666666666674,0.0,8.761643567881862,8.761643567881862,0.41666666666666674,0.0,1.3427545050772591,1.3427545050772591,0.41666666666666674,0.0,0.7811689111086096,0.7811689111086096,0.41666666666666674,0.0,2e-06,2e-06,0.41666666666666674,0.0,2e-06,2e-06,0.41666666666666674,2e-06,2e-06,2e-06,0.41666666666666674,2e-06,2e-06,2e-06,0.41666666666666674,2e-06,2e-06,2e-06
0.4270833333333334,0.0,3.305610293004415,3.305610293004415,0.4270833333333334,0.0,8.761643567881862,8.761643567881862,0.4270833333333334,0.0,1.3427545050772591,1.3427545050772591,0.4270833333333334,0.0,0.7811689111086096,0.7811689111086096,0.4270833333333334,0.0,2e-06,2e-06,0.4270833333333334,0.0,2e-06,2e-06,0.4270833333333334,2e-06,2e-06,2e-06,0.4270833333333334,2e-06,2e-06,2e-06,0.4270833333333334,2e-06,2e-06,2e-06
0.4270833333333334,0.0,3.305610293004415,3.305610293004415,0.4270833333333334,0.0,8.761643567881862,8.761643567881862,0.4270833333333334,0.0,1.3427545050772591,1.3427545050772591,0.4270833333333334,0.0,0.7811689111086096,0.7811689111086096,0.4270833333333334,0.0,2e-06,2e-06,0.4270833333333334,0.0,2e-06,2e-06,0.4270833333333334,2e-06,2e-06,2e-06,0.4270833333333334,2e-06,2e-06,2e-06,0.4270833333333334,2e-06,2e-06,2e-06
0.43750000000000006,0.0,3.305610293004415,3.305610293004415,0.43750000000000006,0.0,8.761643567881862,8.761643567881862,0.43750000000000006,0.0,1.3427545050772591,1.3427545050772591,0.43750000000000006,0.0,0.7811689111086096,0.7811689111086096,0.43750000000000006,0.0,2e-06,2e-06,0.43750000000000006,0.0,2e-06,2e-06,0.43750000000000006,2e-06,2e-06,2e-06,0.43750000000000006,2e-06,2e-06,2e-06,0.43750000000000006,2e-06,2e-06,2e-06
0.43750000000000006,0.0,3.305610293004415,3.305610293004415,0.43750000000000006,0.0,8.761643567881862,8.761643567881862,0.43750000000000006,0.0,1.3427545050772591,1.3427545050772591,0.43750000000000006,0.0,0.7811689111086096,0.7811689111086096,0.43750000000000006,0.0,2e-06,2e-06,0.43750000000000006,0.0,2e-06,2e-06,0.43750000000000006,2e-06,2e-06,2e-06,0.43750000000000006,2e-06,2e-06,2e-06,0.43750000000000006,2e-06,2e-06,2e-06
0.44791666666666674,0.0,3.305610293004415,3.305610293004415,0.44791666666666674,0.0,8.761643567881862,8.761643567881862,0.44791666666666674,0.0,1.3427545050772591,1.3427545050772591,0.44791666666666674,0.0,0.7811689111086096,0.7811689111086096,0.44791666666666674,0.0,2e-06,2e-06,0.44791666666666674,0.0,2e-06,2e-06,0.44791666666666674,2e-06,2e-06,2e-06,0.44791666666666674,2e-06,2e-06,2e-06,0.44791666666666674,2e-06,2e-06,2e-06
0.44791666666666674,0.0,3.305610293004415,3.305610293004415,0.44791666666666674,0.0,8.761643567881862,8.761643567881862,0.44791666666666674,0.0,1.3427545050772591,1.3427545050772591,0.44791666666666674,0.0,0.7811689111086096,0.7811689111086096,0.44791666666666674,0.0,2e-06,2e-06,0.44791666666666674,0.0,2e-06,2e-06,0.44791666666666674,2e-06,2e-06,2e-06,0.44791666666666674,2e-06,2e-06,2e-06,0.44791666666666674,2e-06,2e-06,2e-06
0.4583333333333334,0.0,3.305610293004415,3.305610293004415,0.4583333333333334,0.0,8.761643567881862,8.761643567881862,0.4583333333333334,0.0,1.3427545050772591,1.3427545050772591,0.4583333333333334,0.0,0.7811689111086096,0.7811689111086096,0.4583333333333334,0.0,2e-06,2e-06,0.4583333333333334,0.0,2e-06,2e-06,0.4583333333333334,2e-06,2e-06,2e-06,0.4583333333333334,2e-06,2e-06,2e-06,0.4583333333333334,2e-06,2e-06,2e-06
0.4583333333333334,0.0,3.305610293004415,3.305610293004415,0.4583333333333334,0.0,8.761643567881862,8.761643567881862,0.4583333333333334,0.0,1.3427545050772591,1.3427545050772591,0.4583333333333334,0.0,0.7811689111086096,0.7811689111086096,0.4583333333333334,0.0,2e-06,2e-06,0.4583333333333334,0.0,2e-06,2e-06,0.4583333333333334,2e-06,2e-06,2e-06,0.4583333333333334,2e-06,2e-06,2e-06,0.4583333333333334,2e-06,2e-06,2e-06
0.46875000000000006,0.0,3.305610293004415,3.305610293004415,0.46875000000000006,0.0,8.761643567881862,8.761643567881862,0.46875000000000006,0.0,1.3427545050772591,1.3427545050772591,0.46875000000000006,0.0,0.7811689111086096,0.7811689111086096,0.46875000000000006,0.0,2e-06,2e-06,0.46875000000000006,0.0,2e-06,2e-06,0.46875000000000006,2e-06,2e-06,2e-06,0.46875000000000006,2e-06,2e-06,2e-06,0.46875000000000006,2e-06,2e-06,2e-06
0.46875000000000006,0.0,3.305610293004415,3.305610293004415,0.46875000000000006,0.0,8.761643567881862,8.761643567881862,0.46875000000000006,0.0,1.3427545050772591,1.3427545050772591,0.46875000000000006,0.0,0.7811689111086096,0.7811689111086096,0.46875000000000006,0.0,2e-06,2e-06,0.46875000000000006,0.0,2e-06,2e-06,0.46875000000000006,2e-06,2e-06,2e-06,0.46875000000000006,2e-06,2e-06,2e-06,0.46875000000000006,2e-06,2e-06,2e-06
0.47916666666666674,0.0,3.305610293004415,3.305610293004415,0.47916666666666674,0.0,8.761643567881862,8.761643567881862,0.47916666666666674,0.0,1.3427545050772591,1.3427545050772591,0.47916666666666674,0.0,0.7811689111086096,0.7811689111086096,0.47916666666666674,0.0,2e-06,2e-06,0.47916666666666674,0.0,2e-06,2e-06,0.47916666666666674,2e-06,2e-06,2e-06,0.47916666666666674,2e-06,2e-06,2e-06,0.47916666666666674,2e-06,2e-06,2e-06
0.47916666666666674,0.0,3.305610293004415,3.305610293004415,0.47916666666666674,0.0,8.761643567881862,8.761643567881862,0.47916666666666674,0.0,1.3427545050772591,1.3427545050772591,0.47916666666666674,0.0,0.7811689111086096,0.7811689111086096,0.47916666666666674,0.0,2e-06,2e-06,0.47916666666666674,2e-06,2e-06,2e-06,0.47916666666666674,2e-06,2e-06,2e-06,0.47916666666666674,2e-06,2e-06,2e-06,0.47916666666666674,2e-06,2e-06,2e-06
0.4895833333333334,0.0,3.305610293004415,3.305610293004415,0.4895833333333334,0.0,8.761643567881862,8.761643567881862,0.4895833333333334,0.0,1.3427545050772591,1.3427545050772591,0.4895833333333334,0.0,0.7811689111086096,0.7811689111086096,0.4895833333333334,0.0,2e-06,2e-06,0.4895833333333334,2e-06,2e-06,2e-06,0.4895833333333334,2e-06,2e-06,2e-06,0.4895833333333334,2e-06,2e-06,2e-06,0.4895833333333334,2e-06,2e-06,2e-06
0.4895833333333334,0.0,3.305610293004415,3.305610293004415,0.4895833333333334,0.0,8.761643567881862,8.761643567881862,0.4895833333333334,0.0,1.3427545050772591,1.3427545050772591,0.4895833333333334,0.0,0.7811689111086096,0.7811689111086096,0.4895833333333334,0.0,2e-06,2e-06,0.4895833333333334,2e-06,2e-06,2e-06,0.4895833333333334,2e-06,2e-06,2e-06,0.4895833333333334,2e-06,2e-06,2e-06,0.4895833333333334,2e-06,2e-06,2e-06
0.5,0.0,3.305610293004415,3.305610293004415,0.5,0.0,8.761643567881862,8.761643567881862,0.5,0.0,1.3427545050772591,1.3427545050772591,0.5,0.0,0.7811689111086096,0.7811689111086096,0.5,0.0,2e-06,2e-06,0.5,2e-06,2e-06,2e-06,0.5,2e-06,2e-06,2e-06,0.5,2e-06,2e-06,2e-06,0.5,2e-06,2e-06,2e-06
0.5,0.0,3.305610293004415,3.305610293004415,0.5,0.0,8.761643567881862,8.761643567881862,0.5,0.0,1.3427545050772591,1.3427545050772591,0.5,0.0,0.7811689111086096,0.7811689111086096,0.5,0.0,2e-06,2e-06,0.5,2e-06,2e-06,2e-06,0.5,2e-06,2e-06,2e-06,0.5,2e-06,2e-06,2e-06,0.5,2e-06,2e-06,2e-06
0.5104166666666666,0.0,3.305610293004415,3.305610293004415,0.5104166666666666,0.0,8.761643567881862,8.761643567881862,0.5104166666666666,0.0,1.3427545050772591,1.3427545050772591,0.5104166666666666,0.0,0.7811689111086096,0.7811689111086096,0.5104166666666666,0.0,2e-06,2e-06,0.5104166666666666,2e-06,2e-06,2e-06,0.5104166666666666,2e-06,2e-06,2e-06,0.5104166666666666,2e-06,2e-06,2e-06,0.5104166666666666,2e-06,2e-06,2e-06
0.5104166666666666,0.0,3.305610293004415,3.305610293004415,0.5104166666666666,0.0,8.761643567881862,8.761643567881862,0.5104166666666666,0.0,1.3427545050772591,1.3427545050772591,0.5104166666666666,0.0,0.7811689111086096,0.7811689111086096,0.5104166666666666,0.0,2e-06,2e-06,0.5104166666666666,2e-06,2e-06,2e-06,0.5104166666666666,2e-06,2e-06,2e-06,0.5104166666666666,2e-06,2e-06,2e-06,0.5104166666666666,2e-06,2e-06,2e-06
0.5208333333333334,0.0,3.305610293004415,3.305610293004415,0.5208333333333334,0.0,8.761643567881862,8.761643567881862,0.5208333333333334,0.0,1.3427545050772591,1.3427545050772591,0.5208333333333334,0.0,0.7811689111086096,0.7811689111086096,0.5208333333333334,0.0,2e-06,2e-06,0.5208333333333334,2e-06,2e-06,2e-06,0.5208333333333334,2e-06,2e-06,2e-06,0.5208333333333334,2e-06,2e-06,2e-06,0.5208333333333334,2e-06,2e-06,2e-06
0.5208333333333334,0.0,3.305610293004415,3.305610293004415,0.5208333333333334,0.0,8.761643567881862,8.761643567881862,0.5208333333333334,0.0,1.3427545050772591,1.3427545050772591,0.5208333333333334,0.0,0.7811689111086096,0.7811689111086096,0.5208333333333334,0.0,2e-06,2e-06,0.5208333333333334,2e-06,2e-06,2e-06,0.5208333333333334,2e-06,2e-06,2e-06,0.5208333333333334,2e-06,2e-06,2e-06,0.5208333333333334,2e-06,2e-06,2e-06
0.53125,0.0,3.305610293004415,3.305610293004415,0.53125,0.0,8.761643567881862,8.761643567881862,0.53125,0.0,1.3427545050772591,1.3427545050772591,0.53125,0.0,0.7811689111086096,0.7811689111086096,0.53125,0.0,2e-06,2e-06,0.53125,2e-06,2e-06,2e-06,0.53125,2e-06,2e-06,2e-06,0.53125,2e-06,2e-06,2e-06,0.53125,2e-06,2e-06,2e-06
0.53125,0.0,3.305610293004415,3.305610293004415,0.53125,0.0,8.761643567881862,8.761643567881862,0.53125,0.0,1.3427545050772591,1.3427545050772591,0.53125,0.0,0.7811689111086096,0.7811689111086096,0.53125,0.0,2e-06,2e-06,0.53125,2e-06,2e-06,2e-06,0.53125,2e-06,2e-06,2e-06,0.53125,2e-06,2e-06,2e-06,0.53125,2e-06,2e-06,2e-06
0.5416666666666667,0.0,3.305610293004415,3.305610293004415,0.5416666666666667,0.0,8.761643567881862,8.761643567881862,0.5416666666666667,0.0,1.3427545050772591,1.3427545050772591,0.5416666666666667,0.0,0.7811689111086096,0.7811689111086096,0.5416666666666667,0.0,2e-06,2e-06,0.5416666666666667,2e-06,2e-06,2e-06,0.5416666666666667,2e-06,2e-06,2e-06,0.5416666666666667,2e-06,2e-06,2e-06,0.5416666666666667,2e-06,2e-06,2e-06
0.5416666666666667,0.0,3.305610293004415,3.305610293004415,0.5416666666666667,0.0,8.761643567881862,8.761643567881862,0.5416666666666667,0.0,1.3427545050772591,1.3427545050772591,0.5416666666666667,0.0,0.7811689111086096,0.7811689111086096,0.5416666666666667,0.0,2e-06,2e-06,0.5416666666666667,2e-06,2e-06,2e-06,0.5416666666666667,2e-06,2e-06,2e-06,0.5416666666666667,2e-06,2e-06,2e-06,0.5416666666666667,2e-06,2e-06,2e-06
0.5520833333333334,0.0,3.305610293004415,3.305610293004415,0.5520833333333334,0.0,8.761643567881862,8.761643567881862,0.5520833333333334,0.0,1.3427545050772591,1.3427545050772591,0.5520833333333334,0.0,0.7811689111086096,0.7811689111086096,0.5520833333333334,0.0,2e-06,2e-06,0.5520833333333334,2e-06,2e-06,2e-06,0.5520833333333334,2e-06,2e-06,2e-06,0.5520833333333334,2e-06,2e-06,2e-06,0.5520833333333334,2e-06,2e-06,2e-06
0.5520833333333334,0.0,3.305610293004415,3.305610293004415,0.5520833333333334,0.0,8.761643567881862,8.761643567881862,0.5520833333333334,0.0,1.3427545050772591,1.3427545050772591,0.5520833333333334,0.0,0.7811689111086096,0.7811689111086096,0.5520833333333334,0.0,2e-06,2e-06,0.5520833333333334,2e-06,2e-06,2e-06,0.5520833333333334,2e-06,2e-06,2e-06,0.5520833333333334,2e-06,2e-06,2e-06,0.5520833333333334,2e-06,2e-06,2e-06
0.5625,0.0,3.305610293004415,3.305610293004415,0.5625,0.0,8.761643567881862,8.761643567881862,0.5625,0.0,1.3427545050772591,1.3427545050772591,0.5625,0.0,0.7811689111086096,0.7811689111086096,0.5625,0.0,2e-06,2e-06,0.5625,2e-06,2e-06,2e-06,0.5625,2e-06,2e-06,2e-06,0.5625,2e-06,2e-06,2e-06,0.5625,2e-06,2e-06,2e-06
0.5625,0.0,3.305610293004415,3.305610293004415,0.5625,0.0,8.761643567881862,8.761643567881862,0.5625,0.0,1.3427545050772591,1.3427545050772591,0.5625,0.0,0.7811689111086096,0.7811689111086096,0.5625,0.0,2e-06,2e-06,0.5625,2e-06,2e-06,2e-06,0.5625,2e-06,2e-06,2e-06,0.5625,2e-06,2e-06,2e-06,0.5625,2e-06,2e-06,2e-06
0.5729166666666667,0.0,3.305610293004415,3.305610293004415,0.5729166666666667,0.0,8.761643567881862,8.761643567881862,0.5729166666666667,0.0,1.3427545050772591,1.3427545050772591,0.5729166666666667,0.0,0.7811689111086096,0.7811689111086096,0.5729166666666667,0.0,2e-06,2e-06,0.5729166666666667,2e-06,2e-06,2e-06,0.5729166666666667,2e-06,2e-06,2e-06,0.5729166666666667,2e-06,2e-06,2e-06,0.5729166666666667,2e-06,2e-06,2e-06
0.5729166666666667,0.0,3.305610293004415,3.305610293004415,0.5729166666666667,0.0,8.761643567881862,8.761643567881862,0.5729166666666667,0.0,1.3427545050772591,1.3427545050772591,0.5729166666666667,0.0,0.7811689111086096,0.7811689111086096,0.5729166666666667,0.0,2e-06,2e-06,0.5729166666666667,2e-06,2e-06,2e-06,0.5729166666666667,2e-06,2e-06,2e-06,0.5729166666666667,2e-06,2e-06,2e-06,0.5729166666666667,2e-06,2e-06,2e-06
0.5833333333333334,0.0,3.305610293004415,3.305610293004415,0.5833333333333334,0.0,8.761643567881862,8.761643567881862,0.5833333333333334,0.0,1.3427545050772591,1.3427545050772591,0.5833333333333334,0.0,0.7811689111086096,0.7811689111086096,0.5833333333333334,0.0,2e-06,2e-06,0.5833333333333334,2e-06,2e-06,2e-06,0.5833333333333334,2e-06,2e-06,2e-06,0.5833333333333334,2e-06,2e-06,2e-06,0.5833333333333334,2e-06,2e-06,2e-06
0.5833333333333334,0.0,3.305610293004415,3.305610293004415,0.5833333333333334,0.0,8.761643567881862,8.761643567881862,0.5833333333333334,0.0,1.3427545050772591,1.3427545050772591,0.5833333333333334,0.0,0.7811689111086096,0.7811689111086096,0.5833333333333334,0.0,2e-06,2e-06,0.5833333333333334,2e-06,2e-06,2e-06,0.5833333333333334,2e-06,2e-06,2e-06,0.5833333333333334,2e-06,2e-06,2e-06,0.5833333333333334,2e-06,2e-06,2e-06
0.59375,0.0,3.305610293004415,3.305610293004415,0.59375,0.0,8.761643567881862,8.761643567881862,0.59375,0.0,1.3427545050772591,1.3427545050772591,0.59375,0.0,0.7811689111086096,0.7811689111086096,0.59375,0.0,2e-06,2e-06,0.59375,2e-06,2e-06,2e-06,0.59375,2e-06,2e-06,2e-06,0.59375,2e-06,2e-06,2e-06,0.59375,2e-06,2e-06,2e-06
0.59375,0.0,3.305610293004415,3.305610293004415,0.59375,0.0,8.761643567881862,8.761643567881862,0.59375,0.0,1.3427545050772591,1.3427545050772591,0.59375,0.0,0.7811689111086096,0.7811689111086096,0.59375,0.0,2e-06,2e-06,0.59375,2e-06,2e-06,2e-06,0.59375,2e-06,2e-06,2e-06,0.59375,2e-06,2e-06,2e-06,0.59375,2e-06,2e-06,2e-06
0.6041666666666667,0.0,3.305610293004415,3.305610293004415,0.6041666666666667,0.0,8.761643567881862,8.761643567881862,0.6041666666666667,0.0,1.3427545050772591,1.3427545050772591,0.6041666666666667,0.0,0.7811689111086096,0.7811689111086096,0.6041666666666667,0.0,2e-06,2e-06,0.6041666666666667,2e-06,2e-06,2e-06,0.6041666666666667,2e-06,2e-06,2e-06,0.6041666666666667,2e-06,2e-06,2e-06,0.6041666666666667,2e-06,2e-06,2e-06
0.6041666666666667,0.0,3.305610293004415,3.305610293004415,0.6041666666666667,0.0,8.761643567881862,8.761643567881862,0.6041666666666667,0.0,1.3427545050772591,1.3427545050772591,0.6041666666666667,0.0,0.7811689111086096,0.7811689111086096,0.6041666666666667,0.0,2e-06,2e-06,0.6041666666666667,2e-06,2e-06,2e-06,0.6041666666666667,2e-06,2e-06,2e-06,0.6041666666666667,2e-06,2e-06,2e-06,0.6041666666666667,2e-06,2e-06,2e-06
0.6145833333333334,0.0,3.305610293004415,3.305610293004415,0.6145833333333334,0.0,8.761643567881862,8.761643567881862,0.6145833333333334,0.0,1.3427545050772591,1.3427545050772591,0.6145833333333334,0.0,0.7811689111086096,0.7811689111086096,0.6145833333333334,0.0,2e-06,2e-06,0.6145833333333334,2e-06,2e-06,2e-06,0.6145833333333334,2e-06,2e-06,2e-06,0.6145833333333334,2e-06,2e-06,2e-06,0.6145833333333334,2e-06,2e-06,2e-06
0.6145833333333334,0.0,3.305610293004415,3.305610293004415,0.6145833333333334,0.0,8.761643567881862,8.761643567881862,0.6145833333333334,0.0,1.3427545050772591,1.3427545050772591,0.6145833333333334,0.0,0.7811689111086096,0.7811689111086096,0.6145833333333334,0.0,2e-06,2e-06,0.6145833333333334,2e-06,2e-06,2e-06,0.6145833333333334,2e-06,2e-06,2e-06,0.6145833333333334,2e-06,2e-06,2e-06,0.6145833333333334,2e-06,2e-06,2e-06
0.625,0.0,3.305610293004415,3.305610293004415,0.625,0.0,8.761643567881862,8.761643567881862,0.625,0.0,1.3427545050772591,1.3427545050772591,0.625,0.0,0.7811689111086096,0.7811689111086096,0.625,0.0,2e-06,2e-06,0.625,2e-06,2e-06,2e-06,0.625,2e-06,2e-06,2e-06,0.625,2e-06,2e-06,2e-06,0.625,2e-06,2e-06,2e-06
0.625,0.0,3.305610293004415,3.305610293004415,0.625,0.0,8.761643567881862,8.761643567881862,0.625,0.0,1.3427545050772591,1.3427545050772591,0.625,0.0,0.7811689111086096,0.7811689111086096,0.625,2e-06,2e-06,2e-06,0.625,2e-06,2e-06,2e-06,0.625,2e-06,2e-06,2e-06,0.625,2e-06,2e-06,2e-06,0.625,2e-06,2e-06,2e-06
0.6354166666666667,0.0,3.305610293004415,3.305610293004415,0.6354166666666667,0.0,8.761643567881862,8.761643567881862,0.6354166666666667,0.0,1.3427545050772591,1.3427545050772591,0.6354166666666667,0.0,0.7811689111086096,0.7811689111086096,0.6354166666666667,2e-06,2e-06,2e-06,0.6354166666666667,2e-06,2e-06,2e-06,0.6354166666666667,2e-06,2e-06,2e-06,0.6354166666666667,2e-06,2e-06,2e-06,0.6354166666666667,2e-06,2e-06,2e-06
0.6354166666666667,0.0,3.305610293004415,3.305610293004415,0.6354166666666667,0.0,8.761643567881862,8.761643567881862,0.6354166666666667,0.0,1.3427545050772591,1.3427545050772591,0.6354166666666667,0.0,0.7811689111086096,0.7811689111086096,0.6354166666666667,2e-06,2e-06,2e-06,0.6354166666666667,2e-06,2e-06,2e-06,0.6354166666666667,2e-06,2e-06,2e-06,0.6354166666666667,2e-06,2e-06,2e-06,0.6354166666666667,2e-06,2e-06,2e-06
0.6458333333333334,0.0,3.305610293004415,3.305610293004415,0.6458333333333334,0.0,8.761643567881862,8.761643567881862,0.6458333333333334,0.0,1.3427545050772591,1.3427545050772591,0.6458333333333334,0.0,0.7811689111086096,0.7811689111086096,0.6458333333333334,2e-06,2e-06,2e-06,0.6458333333333334,2e-06,2e-06,2e-06,0.6458333333333334,2e-06,2e-06,2e-06,0.6458333333333334,2e-06,2e-06,2e-06,0.6458333333333334,2e-06,2e-06,2e-06
0.6458333333333334,0.0,3.305610293004415,3.305610293004415,0.6458333333333334,0.0,8.761643567881862,8.761643567881862,0.6458333333333334,0.0,1.3427545050772591,1.3427545050772591,0.6458333333333334,0.0,0.7811689111086096,0.7811689111086096,0.6458333333333334,2e-06,2e-06,2e-06,0.6458333333333334,2e-06,2e-06,2e-06,0.6458333333333334,2e-06,2e-06,2e-06,0.6458333333333334,2e-06,2e-06,2e-06,0.6458333333333334,2e-06,2e-06,2e-06
0.65625,0.0,3.305610293004415,3.305610293004415,0.65625,0.0,8.761643567881862,8.761643567881862,0.65625,0.0,1.3427545050772591,1.3427545050772591,0.65625,0.0,0.7811689111086096,0.7811689111086096,0.65625,2e-06,2e-06,2e-06,0.65625,2e-06,2e-06,2e-06,0.65625,2e-06,2e-06,2e-06,0.65625,2e-06,2e-06,2e-06,0.65625,2e-06,2e-06,2e-06
0.65625,0.0,3.305610293004415,3.305610293004415,0.65625,0.0,8.761643567881862,8.761643567881862,0.65625,0.0,1.3427545050772591,1.3427545050772591,0.65625,0.17784807601431535,0.7811689111086096,0.7811689111086096,0.65625,2e-06,2e-06,2e-06,0.65625,2e-06,2e-06,2e-06,0.65625,2e-06,2e-06,2e-06,0.65625,2e-06,2e-06,2e-06,0.65625,2e-06,2e-06,2e-06
0.6666666666666667,0.0,3.305610293004415,3.305610293004415,0.6666666666666667,0.0,8.761643567881862,8.761643567881862,0.6666666666666667,0.0,1.3427545050772591,1.3427545050772591,0.6666666666666667,0.17784807601431535,0.7811689111086096,0.7811689111086096,0.6666666666666667,2e-06,2e-06,2e-06,0.6666666666666667,2e-06,2e-06,2e-06,0.6666666666666667,2e-06,2e-06,2e-06,0.6666666666666667,2e-06,2e-06,2e-06,0.6666666666666667,2e-06,2e-06,2e-06
0.6666666666666667,0.0,3.305610293004415,3.305610293004415,0.6666666666666667,0.0,8.761643567881862,8.761643567881862,0.6666666666666667,0.0,1.3427545050772591,1.3427545050772591,0.6666666666666667,0.3905844555543048,0.7811689111086096,0.7811689111086096,0.6666666666666667,2e-06,2e-06,2e-06,0.6666666666666667,2e-06,2e-06,2e-06,0.6666666666666667,2e-06,2e-06,2e-06,0.6666666666666667,2e-06,2e-06,2e-06,0.6666666666666667,2e-06,2e-06,2e-06
0.6770833333333334,0.0,3.305610293004415,3.305610293004415,0.6770833333333334,0.0,8.761643567881862,8.761643567881862,0.6770833333333334,0.0,1.3427545050772591,1.3427545050772591,0.6770833333333334,0.3905844555543048,0.7811689111086096,0.7811689111086096,0.6770833333333334,2e-06,2e-06,2e-06,0.6770833333333334,2e-06,2e-06,2e-06,0.6770833333333334,2e-06,2e-06,2e-06,0.6770833333333334,2e-06,2e-06,2e-06,0.6770833333333334,2e-06,2e-06,2e-06
0.6770833333333334,0.0,3.305610293004415,3.305610293004415,0.6770833333333334,0.0,8.761643567881862,8.761643567881862,0.6770833333333334,0.0,1.3427545050772591,1.3427545050772591,0.6770833333333334,0.7811689111086096,0.7811689111086096,0.7811689111086096,0.6770833333333334,2e-06,2e-06,2e-06,0.6770833333333334,2e-06,2e-06,2e-06,0.6770833333333334,2e-06,2e-06,2e-06,0.6770833333333334,2e-06,2e-06,2e-06,0.6770833333333334,2e-06,2e-06,2e-06
0.6875,0.0,3.305610293004415,3.305610293004415,0.6875,0.0,8.761643567881862,8.761643567881862,0.6875,0.0,1.3427545050772591,1.3427545050772591,0.6875,0.7811689111086096,0.7811689111086096,0.7811689111086096,0.6875,2e-06,2e-06,2e-06,0.6875,2e-06,2e-06,2e-06,0.6875,2e-06,2e-06,2e-06,0.6875,2e-06,2e-06,2e-06,0.6875,2e-06,2e-06,2e-06
0.6875,0.0,3.305610293004415,3.305610293004415,0.6875,0.0,8.761643567881862,8.761643567881862,0.6875,0.0,1.3427545050772591,1.3427545050772591,0.6875,0.7811689111086096,0.7811689111086096,0.7811689111086096,0.6875,2e-06,2e-06,2e-06,0.6875,2e-06,2e-06,2e-06,0.6875,2e-06,2e-06,2e-06,0.6875,2e-06,2e-06,2e-06,0.6875,2e-06,2e-06,2e-06
0.6979166666666667,0.0,3.305610293004415,3.305610293004415,0.6979166666666667,0.0,8.761643567881862,8.761643567881862,0.6979166666666667,0.0,1.3427545050772591,1.3427545050772591,0.6979166666666667,0.7811689111086096,0.7811689111086096,0.7811689111086096,0.6979166666666667,2e-06,2e-06,2e-06,0.6979166666666667,2e-06,2e-06,2e-06,0.6979166666666667,2e-06,2e-06,2e-06,0.6979166666666667,2e-06,2e-06,2e-06,0.6979166666666667,2e-06,2e-06,2e-06
0.6979166666666667,0.0,3.305610293004415,3.305610293004415,0.6979166666666667,0.0,8.761643567881862,8.761643567881862,0.6979166666666667,0.0,1.3427545050772591,1.3427545050772591,0.6979166666666667,0.7811689111086096,0.7811689111086096,0.7811689111086096,0.6979166666666667,2e-06,2e-06,2e-06,0.6979166666666667,2e-06,2e-06,2e-06,0.6979166666666667,2e-06,2e-06,2e-06,0.6979166666666667,2e-06,2e-06,2e-06,0.6979166666666667,2e-06,2e-06,2e-06
0.7083333333333334,0.0,3.305610293004415,3.305610293004415,0.7083333333333334,0.0,8.761643567881862,8.761643567881862,0.7083333333333334,0.0,1.3427545050772591,1.3427545050772591,0.7083333333333334,0.7811689111086096,0.7811689111086096,0.7811689111086096,0.7083333333333334,2e-06,2e-06,2e-06,0.7083333333333334,2e-06,2e-06,2e-06,0.7083333333333334,2e-06,2e-06,2e-06,0.7083333333333334,2e-06,2e-06,2e-06,0.7083333333333334,2e-06,2e-06,2e-06
0.7083333333333334,0.0,3.305610293004415,3.305610293004415,0.7083333333333334,0.0,8.761643567881862,8.761643567881862,0.7083333333333334,0.10422736887563644,1.3427545050772591,1.3427545050772591,0.7083333333333334,0.7811689111086096,0.7811689111086096,0.7811689111086096,0.7083333333333334,2e-06,2e-06,2e-06,0.7083333333333334,2e-06,2e-06,2e-06,0.7083333333333334,2e-06,2e-06,2e-06,0.7083333333333334,2e-06,2e-06,2e-06,0.7083333333333334,2e-06,2e-06,2e-06
0.71875,0.0,3.305610293004415,3.305610293004415,0.71875,0.0,8.761643567881862,8.761643567881862,0.71875,0.10422736887563644,1.3427545050772591,1.3427545050772591,0.71875,0.7811689111086096,0.7811689111086096,0.7811689111086096,0.71875,2e-06,2e-06,2e-06,0.71875,2e-06,2e-06,2e-06,0.71875,2e-06,2e-06,2e-06,0.71875,2e-06,2e-06,2e-06,0.71875,2e-06,2e-06,2e-06
0.71875,0.0,3.305610293004415,3.305610293004415,0.71875,0.0,8.761643567881862,8.761643567881862,0.71875,0.3748484091631448,1.3427545050772591,1.3427545050772591,0.71875,0.7811689111086096,0.7811689111086096,0.7811689111086096,0.71875,2e-06,2e-06,2e-06,0.71875,2e-06,2e-06,2e-06,0.71875,2e-06,2e-06,2e-06,0.71875,2e-06,2e-06,2e-06,0.71875,2e-06,2e-06,2e-06
0.7291666666666667,0.0,3.305610293004415,3.305610293004415,0.7291666666666667,0.0,8.761643567881862,8.761643567881862,0.7291666666666667,0.3748484091631448,1.3427545050772591,1.3427545050772591,0.7291666666666667,0.7811689111086096,0.7811689111086096,0.7811689111086096,0.7291666666666667,2e-06,2e-06,2e-06,0.7291666666666667,2e-06,2e-06,2e-06,0.7291666666666667,2e-06,2e-06,2e-06,0.7291666666666667,2e-06,2e-06,2e-06,0.7291666666666667,2e-06,2e-06,2e-06
0.7291666666666667,0.0,3.305610293004415,3.305610293004415,0.7291666666666667,0.0,8.761643567881862,8.761643567881862,0.7291666666666667,0.6713772525386296,1.3427545050772591,1.3427545050772591,0.7291666666666667,0.7811689111086096,0.7811689111086096,0.7811689111086096,0.7291666666666667,2e-06,2e-06,2e-06,0.7291666666666667,2e-06,2e-06,2e-06,0.7291666666666667,2e-06,2e-06,2e-06,0.7291666666666667,2e-06,2e-06,2e-06,0.7291666666666667,2e-06,2e-06,2e-06
0.7395833333333334,0.0,3.305610293004415,3.305610293004415,0.7395833333333334,0.0,8.761643567881862,8.761643567881862,0.7395833333333334,0.6713772525386296,1.3427545050772591,1.3427545050772591,0.7395833333333334,0.7811689111086096,0.7811689111086096,0.7811689111086096,0.7395833333333334,2e-06,2e-06,2e-06,0.7395833333333334,2e-06,2e-06,2e-06,0.7395833333333334,2e-06,2e-06,2e-06,0.7395833333333334,2e-06,2e-06,2e-06,0.7395833333333334,2e-06,2e-06,2e-06
0.7395833333333334,0.0,3.305610293004415,3.305610293004415,0.7395833333333334,0.0,8.761643567881862,8.761643567881862,0.7395833333333334,1.3427545050772591,1.3427545050772591,1.3427545050772591,0.7395833333333334,0.7811689111086096,0.7811689111086096,0.7811689111086096,0.7395833333333334,2e-06,2e-06,2e-06,0.7395833333333334,2e-06,2e-06,2e-06,0.7395833333333334,2e-06,2e-06,2e-06,0.7395833333333334,2e-06,2e-06,2e-06,0.7395833333333334,2e-06,2e-06,2e-06
0.75,0.0,3.305610293004415,3.305610293004415,0.75,0.0,8.761643567881862,8.761643567881862,0.75,1.3427545050772591,1.3427545050772591,1.3427545050772591,0.75,0.7811689111086096,0.7811689111086096,0.7811689111086096,0.75,2e-06,2e-06,2e-06,0.75,2e-06,2e-06,2e-06,0.75,2e-06,2e-06,2e-06,0.75,2e-06,2e-06,2e-06,0.75,2e-06,2e-06,2e-06
0.75,0.0,3.305610293004415,3.305610293004415,0.75,0.0,8.761643567881862,8.761643567881862,0.75,1.3427545050772591,1.3427545050772591,1.3427545050772591,0.75,0.7811689111086096,0.7811689111086096,0.7811689111086096,0.75,2e-06,2e-06,2e-06,0.75,2e-06,2e-06,2e-06,0.75,2e-06,2e-06,2e-06,0.75,2e-06,2e-06,2e-06,0.75,2e-06,2e-06,2e-06
0.7604166666666667,0.0,3.305610293004415,3.305610293004415,0.7604166666666667,0.0,8.761643567881862,8.761643567881862,0.7604166666666667,1.3427545050772591,1.3427545050772591,1.3427545050772591,0.7604166666666667,0.7811689111086096,0.7811689111086096,0.7811689111086096,0.7604166666666667,2e-06,2e-06,2e-06,0.7604166666666667,2e-06,2e-06,2e-06,0.7604166666666667,2e-06,2e-06,2e-06,0.7604166666666667,2e-06,2e-06,2e-06,0.7604166666666667,2e-06,2e-06,2e-06
0.7604166666666667,0.0,3.305610293004415,3.305610293004415,0.7604166666666667,0.0,8.761643567881862,8.761643567881862,0.7604166666666667,1.3427545050772591,1.3427545050772591,1.3427545050772591,0.7604166666666667,0.7811689111086096,0.7811689111086096,0.7811689111086096,0.7604166666666667,2e-06,2e-06,2e-06,0.7604166666666667,2e-06,2e-06,2e-06,0.7604166666666667,2e-06,2e-06,2e-06,0.7604166666666667,2e-06,2e-06,2e-06,0.7604166666666667,2e-06,2e-06,2e-06
0.7708333333333334,0.0,3.305610293004415,3.305610293004415,0.7708333333333334,0.0,8.761643567881862,8.761643567881862,0.7708333333333334,1.3427545050772591,1.3427545050772591,1.3427545050772591,0.7708333333333334,0.7811689111086096,0.7811689111086096,0.7811689111086096,0.7708333333333334,2e-06,2e-06,2e-06,0.7708333333333334,2e-06,2e-06,2e-06,0.7708333333333334,2e-06,2e-06,2e-06,0.7708333333333334,2e-06,2e-06,2e-06,0.7708333333333334,2e-06,2e-06,2e-06
0.7708333333333334,0.0,3.305610293004415,3.305610293004415,0.7708333333333334,0.0,8.761643567881862,8.761643567881862,0.7708333333333334,1.3427545050772591,1.3427545050772591,1.3427545050772591,0.7708333333333334,0.7811689111086096,0.7811689111086096,0.7811689111086096,0.7708333333333334,2e-06,2e-06,2e-06,0.7708333333333334,2e-06,2e-06,2e-06,0.7708333333333334,2e-06,2e-06,2e-06,0.7708333333333334,2e-06,2e-06,2e-06,0.7708333333333334,2e-06,2e-06,2e-06
0.78125,0.0,3.305610293004415,3.305610293004415,0.78125,0.0,8.761643567881862,8.761643567881862,0.78125,1.3427545050772591,1.3427545050772591,1.3427545050772591,0.78125,0.7811689111086096,0.7811689111086096,0.7811689111086096,0.78125,2e-06,2e-06,2e-06,0.78125,2e-06,2e-06,2e-06,0.78125,2e-06,2e-06,2e-06,0.78125,2e-06,2e-06,2e-06,0.78125,2e-06,2e-06,2e-06
0.78125,0.0,3.305610293004415,3.305610293004415,0.78125,0.0,8.761643567881862,8.761643567881862,0.78125,1.3427545050772591,1.3427545050772591,1.3427545050772591,0.78125,0.7811689111086096,0.7811689111086096,0.7811689111086096,0.78125,2e-06,2e-06,2e-06,0.78125,2e-06,2e-06,2e-06,0.78125,2e-06,2e-06,2e-06,0.78125,2e-06,2e-06,2e-06,0.78125,2e-06,2e-06,2e-06
0.7916666666666667,0.0,3.305610293004415,3.305610293004415,0.7916666666666667,0.0,8.761643567881862,8.761643567881862,0.7916666666666667,1.3427545050772591,1.3427545050772591,1.3427545050772591,0.7916666666666667,0.7811689111086096,0.7811689111086096,0.7811689111086096,0.7916666666666667,2e-06,2e-06,2e-06,0.7916666666666667,2e-06,2e-06,2e-06,0.7916666666666667,2e-06,2e-06,2e-06,0.7916666666666667,2e-06,2e-06,2e-06,0.7916666666666667,2e-06,2e-06,2e-06
0.7916666666666667,0.0,3.305610293004415,3.305610293004415,0.7916666666666667,0.0,8.761643567881862,8.761643567881862,0.7916666666666667,1.3427545050772591,1.3427545050772591,1.3427545050772591,0.7916666666666667,0.7811689111086096,0.7811689111086096,0.7811689111086096,0.7916666666666667,2e-06,2e-06,2e-06,0.7916666666666667,2e-06,2e-06,2e-06,0.7916666666666667,2e-06,2e-06,2e-06,0.7916666666666667,2e-06,2e-06,2e-06,0.7916666666666667,2e-06,2e-06,2e-06
0.8020833333333334,0.0,3.305610293004415,3.305610293004415,0.8020833333333334,0.0,8.761643567881862,8.761643567881862,0.8020833333333334,1.3427545050772591,1.3427545050772591,1.3427545050772591,0.8020833333333334,0.7811689111086096,0.7811689111086096,0.7811689111086096,0.8020833333333334,2e-06,2e-06,2e-06,0.8020833333333334,2e-06,2e-06,2e-06,0.8020833333333334,2e-06,2e-06,2e-06,0.8020833333333334,2e-06,2e-06,2e-06,0.8020833333333334,2e-06,2e-06,2e-06
0.8020833333333334,0.0,3.305610293004415,3.305610293004415,0.8020833333333334,0.0,8.761643567881862,8.761643567881862,0.8020833333333334,1.3427545050772591,1.3427545050772591,1.3427545050772591,0.8020833333333334,0.7811689111086096,0.7811689111086096,0.7811689111086096,0.8020833333333334,2e-06,2e-06,2e-06,0.8020833333333334,2e-06,2e-06,2e-06,0.8020833333333334,2e-06,2e-06,2e-06,0.8020833333333334,2e-06,2e-06,2e-06,0.8020833333333334,2e-06,2e-06,2e-06
0.8125,0.0,3.305610293004415,3.305610293004415,0.8125,0.0,8.761643567881862,8.761643567881862,0.8125,1.3427545050772591,1.3427545050772591,1.3427545050772591,0.8125,0.7811689111086096,0.7811689111086096,0.7811689111086096,0.8125,2e-06,2e-06,2e-06,0.8125,2e-06,2e-06,2e-06,0.8125,2e-06,2e-06,2e-06,0.8125,2e-06,2e-06,2e-06,0.8125,2e-06,2e-06,2e-06
0.8125,0.0,3.305610293004415,3.305610293004415,0.8125,0.0,8.761643567881862,8.761643567881862,0.8125,1.3427545050772591,1.3427545050772591,1.3427545050772591,0.8125,0.7811689111086096,0.7811689111086096,0.7811689111086096,0.8125,2e-06,2e-06,2e-06,0.8125,2e-06,2e-06,2e-06,0.8125,2e-06,2e-06,2e-06,0.8125,2e-06,2e-06,2e-06,0.8125,2e-06,2e-06,2e-06
0.8229166666666667,0.0,3.305610293004415,3.305610293004415,0.8229166666666667,0.0,8.761643567881862,8.761643567881862,0.8229166666666667,1.3427545050772591,1.3427545050772591,1.3427545050772591,0.8229166666666667,0.7811689111086096,0.7811689111086096,0.7811689111086096,0.8229166666666667,2e-06,2e-06,2e-06,0.8229166666666667,2e-06,2e-06,2e-06,0.8229166666666667,2e-06,2e-06,2e-06,0.8229166666666667,2e-06,2e-06,2e-06,0.8229166666666667,2e-06,2e-06,2e-06
0.8229166666666667,0.0,3.305610293004415,3.305610293004415,0.8229166666666667,0.1535703885920101,8.761643567881862,8.761643567881862,0.8229166666666667,1.3427545050772591,1.3427545050772591,1.3427545050772591,0.8229166666666667,0.7811689111086096,0.7811689111086096,0.7811689111086096,0.8229166666666667,2e-06,2e-06,2e-06,0.8229166666666667,2e-06,2e-06,2e-06,0.8229166666666667,2e-06,2e-06,2e-06,0.8229166666666667,2e-06,2e-06,2e-06,0.8229166666666667,2e-06,2e-06,2e-06
0.8333333333333334,0.0,3.305610293004415,3.305610293004415,0.8333333333333334,0.1535703885920101,8.761643567881862,8.761643567881862,0.8333333333333334,1.3427545050772591,1.3427545050772591,1.3427545050772591,0.8333333333333334,0.7811689111086096,0.7811689111086096,0.7811689111086096,0.8333333333333334,2e-06,2e-06,2e-06,0.8333333333333334,2e-06,2e-06,2e-06,0.8333333333333334,2e-06,2e-06,2e-06,0.8333333333333334,2e-06,2e-06,2e-06,0.8333333333333334,2e-06,2e-06,2e-06
0.8333333333333334,0.0,3.305610293004415,3.305610293004415,0.8333333333333334,0.3379964635150159,8.761643567881862,8.761643567881862,0.8333333333333334,1.3427545050772591,1.3427545050772591,1.3427545050772591,0.8333333333333334,0.7811689111086096,0.7811689111086096,0.7811689111086096,0.8333333333333334,2e-06,2e-06,2e-06,0.8333333333333334,2e-06,2e-06,2e-06,0.8333333333333334,2e-06,2e-06,2e-06,0.8333333333333334,2e-06,2e-06,2e-06,0.8333333333333334,2e-06,2e-06,2e-06
0.8437500000000001,0.0,3.305610293004415,3.305610293004415,0.8437500000000001,0.3379964635150159,8.761643567881862,8.761643567881862,0.8437500000000001,1.3427545050772591,1.3427545050772591,1.3427545050772591,0.8437500000000001,0.7811689111086096,0.7811689111086096,0.7811689111086096,0.8437500000000001,2e-06,2e-06,2e-06,0.8437500000000001,2e-06,2e-06,2e-06,0.8437500000000001,2e-06,2e-06,2e-06,0.8437500000000001,2e-06,2e-06,2e-06,0.8437500000000001,2e-06,2e-06,2e-06
0.8437500000000001,0.0,3.305610293004415,3.305610293004415,0.8437500000000001,0.9111907330421439,8.761643567881862,8.761643567881862,0.8437500000000001,1.3427545050772591,1.3427545050772591,1.3427545050772591,0.8437500000000001,0.7811689111086096,0.7811689111086096,0.7811689111086096,0.8437500000000001,2e-06,2e-06,2e-06,0.8437500000000001,2e-06,2e-06,2e-06,0.8437500000000001,2e-06,2e-06,2e-06,0.8437500000000001,2e-06,2e-06,2e-06,0.8437500000000001,2e-06,2e-06,2e-06
0.8541666666666667,0.0,3.305610293004415,3.305610293004415,0.8541666666666667,0.9111907330421439,8.761643567881862,8.761643567881862,0.8541666666666667,1.3427545050772591,1.3427545050772591,1.3427545050772591,0.8541666666666667,0.7811689111086096,0.7811689111086096,0.7811689111086096,0.8541666666666667,2e-06,2e-06,2e-06,0.8541666666666667,2e-06,2e-06,2e-06,0.8541666666666667,2e-06,2e-06,2e-06,0.8541666666666667,2e-06,2e-06,2e-06,0.8541666666666667,2e-06,2e-06,2e-06
0.8541666666666667,0.0,3.305610293004415,3.305610293004415,0.8541666666666667,8.761643567881862,8.761643567881862,8.761643567881862,0.8541666666666667,1.3427545050772591,1.3427545050772591,1.3427545050772591,0.8541666666666667,0.7811689111086096,0.7811689111086096,0.7811689111086096,0.8541666666666667,2e-06,2e-06,2e-06,0.8541666666666667,2e-06,2e-06,2e-06,0.8541666666666667,2e-06,2e-06,2e-06,0.8541666666666667,2e-06,2e-06,2e-06,0.8541666666666667,2e-06,2e-06,2e-06
0.8645833333333334,0.0,3.305610293004415,3.305610293004415,0.8645833333333334,8.761643567881862,8.761643567881862,8.761643567881862,0.8645833333333334,1.3427545050772591,1.3427545050772591,1.3427545050772591,0.8645833333333334,0.7811689111086096,0.7811689111086096,0.7811689111086096,0.8645833333333334,2e-06,2e-06,2e-06,0.8645833333333334,2e-06,2e-06,2e-06,0.8645833333333334,2e-06,2e-06,2e-06,0.8645833333333334,2e-06,2e-06,2e-06,0.8645833333333334,2e-06,2e-06,2e-06
0.8645833333333334,0.0,3.305610293004415,3.305610293004415,0.8645833333333334,8.761643567881862,8.761643567881862,8.761643567881862,0.8645833333333334,1.3427545050772591,1.3427545050772591,1.3427545050772591,0.8645833333333334,0.7811689111086096,0.7811689111086096,0.7811689111086096,0.8645833333333334,2e-06,2e-06,2e-06,0.8645833333333334,2e-06,2e-06,2e-06,0.8645833333333334,2e-06,2e-06,2e-06,0.8645833333333334,2e-06,2e-06,2e-06,0.8645833333333334,2e-06,2e-06,2e-06
0.8750000000000001,0.0,3.305610293004415,3.305610293004415,0.8750000000000001,8.761643567881862,8.761643567881862,8.761643567881862,0.8750000000000001,1.3427545050772591,1.3427545050772591,1.3427545050772591,0.8750000000000001,0.7811689111086096,0.7811689111086096,0.7811689111086096,0.8750000000000001,2e-06,2e-06,2e-06,0.8750000000000001,2e-06,2e-06,2e-06,0.8750000000000001,2e-06,2e-06,2e-06,0.8750000000000001,2e-06,2e-06,2e-06,0.8750000000000001,2e-06,2e-06,2e-06
0.8750000000000001,0.0,3.305610293004415,3.305610293004415,0.8750000000000001,8.761643567881862,8.761643567881862,8.761643567881862,0.8750000000000001,1.3427545050772591,1.3427545050772591,1.3427545050772591,0.8750000000000001,0.7811689111086096,0.7811689111086096,0.7811689111086096,0.8750000000000001,2e-06,2e-06,2e-06,0.8750000000000001,2e-06,2e-06,2e-06,0.8750000000000001,2e-06,2e-06,2e-06,0.8750000000000001,2e-06,2e-06,2e-06,0.8750000000000001,2e-06,2e-06,2e-06
0.8854166666666667,0.0,3.305610293004415,3.305610293004415,0.8854166666666667,8.761643567881862,8.761643567881862,8.761643567881862,0.8854166666666667,1.3427545050772591,1.3427545050772591,1.3427545050772591,0.8854166666666667,0.7811689111086096,0.7811689111086096,0.7811689111086096,0.8854166666666667,2e-06,2e-06,2e-06,0.8854166666666667,2e-06,2e-06,2e-06,0.8854166666666667,2e-06,2e-06,2e-06,0.8854166666666667,2e-06,2e-06,2e-06,0.8854166666666667,2e-06,2e-06,2e-06
0.8854166666666667,0.0,3.305610293004415,3.305610293004415,0.8854166666666667,8.761643567881862,8.761643567881862,8.761643567881862,0.8854166666666667,1.3427545050772591,1.3427545050772591,1.3427545050772591,0.8854166666666667,0.7811689111086096,0.7811689111086096,0.7811689111086096,0.8854166666666667,2e-06,2e-06,2e-06,0.8854166666666667,2e-06,2e-06,2e-06,0.8854166666666667,2e-06,2e-06,2e-06,0.8854166666666667,2e-06,2e-06,2e-06,0.8854166666666667,2e-06,2e-06,2e-06
0.8958333333333334,0.0,3.305610293004415,3.305610293004415,0.8958333333333334,8.761643567881862,8.761643567881862,8.761643567881862,0.8958333333333334,1.3427545050772591,1.3427545050772591,1.3427545050772591,0.8958333333333334,0.7811689111086096,0.7811689111086096,0.7811689111086096,0.8958333333333334,2e-06,2e-06,2e-06,0.8958333333333334,2e-06,2e-06,2e-06,0.8958333333333334,2e-06,2e-06,2e-06,0.8958333333333334,2e-06,2e-06,2e-06,0.8958333333333334,2e-06,2e-06,2e-06
0.8958333333333334,0.0,3.305610293004415,3.305610293004415,0.8958333333333334,8.761643567881862,8.761643567881862,8.761643567881862,0.8958333333333334,1.3427545050772591,1.3427545050772591,1.3427545050772591,0.8958333333333334,0.7811689111086096,0.7811689111086096,0.7811689111086096,0.8958333333333334,2e-06,2e-06,2e-06,0.8958333333333334,2e-06,2e-06,2e-06,0.8958333333333334,2e-06,2e-06,2e-06,0.8958333333333334,2e-06,2e-06,2e-06,0.8958333333333334,2e-06,2e-06,2e-06
0.9062500000000001,0.0,3.305610293004415,3.305610293004415,0.9062500000000001,8.761643567881862,8.761643567881862,8.761643567881862,0.9062500000000001,1.3427545050772591,1.3427545050772591,1.3427545050772591,0.9062500000000001,0.7811689111086096,0.7811689111086096,0.7811689111086096,0.9062500000000001,2e-06,2e-06,2e-06,0.9062500000000001,2e-06,2e-06,2e-06,0.9062500000000001,2e-06,2e-06,2e-06,0.9062500000000001,2e-06,2e-06,2e-06,0.9062500000000001,2e-06,2e-06,2e-06
0.9062500000000001,0.261003870606423,3.305610293004415,3.305610293004415,0.9062500000000001,8.761643567881862,8.761643567881862,8.761643567881862,0.9062500000000001,1.3427545050772591,1.3427545050772591,1.3427545050772591,0.9062500000000001,0.7811689111086096,0.7811689111086096,0.7811689111086096,0.9062500000000001,2e-06,2e-06,2e-06,0.9062500000000001,2e-06,2e-06,2e-06,0.9062500000000001,2e-06,2e-06,2e-06,0.9062500000000001,2e-06,2e-06,2e-06,0.9062500000000001,2e-06,2e-06,2e-06
0.9166666666666667,0.261003870606423,3.305610293004415,3.305610293004415,0.9166666666666667,8.761643567881862,8.761643567881862,8.761643567881862,0.9166666666666667,1.3427545050772591,1.3427545050772591,1.3427545050772591,0.9166666666666667,0.7811689111086096,0.7811689111086096,0.7811689111086096,0.9166666666666667,2e-06,2e-06,2e-06,0.9166666666666667,2e-06,2e-06,2e-06,0.9166666666666667,2e-06,2e-06,2e-06,0.9166666666666667,2e-06,2e-06,2e-06,0.9166666666666667,2e-06,2e-06,2e-06
0.9166666666666667,0.4332056219777686,3.305610293004415,3.305610293004415,0.9166666666666667,8.761643567881862,8.761643567881862,8.761643567881862,0.9166666666666667,1.3427545050772591,1.3427545050772591,1.3427545050772591,0.9166666666666667,0.7811689111086096,0.7811689111086096,0.7811689111086096,0.9166666666666667,2e-06,2e-06,2e-06,0.9166666666666667,2e-06,2e-06,2e-06,0.9166666666666667,2e-06,2e-06,2e-06,0.9166666666666667,2e-06,2e-06,2e-06,0.9166666666666667,2e-06,2e-06,2e-06
0.9270833333333334,0.4332056219777686,3.305610293004415,3.305610293004415,0.9270833333333334,8.761643567881862,8.761643567881862,8.761643567881862,0.9270833333333334,1.3427545050772591,1.3427545050772591,1.3427545050772591,0.9270833333333334,0.7811689111086096,0.7811689111086096,0.7811689111086096,0.9270833333333334,2e-06,2e-06,2e-06,0.9270833333333334,2e-06,2e-06,2e-06,0.9270833333333334,2e-06,2e-06,2e-06,0.9270833333333334,2e-06,2e-06,2e-06,0.9270833333333334,2e-06,2e-06,2e-06
0.9270833333333334,0.9352943106121846,3.305610293004415,3.305610293004415,0.9270833333333334,8.761643567881862,8.761643567881862,8.761643567881862,0.9270833333333334,1.3427545050772591,1.3427545050772591,1.3427545050772591,0.9270833333333334,0.7811689111086096,0.7811689111086096,0.7811689111086096,0.9270833333333334,2e-06,2e-06,2e-06,0.9270833333333334,2e-06,2e-06,2e-06,0.9270833333333334,2e-06,2e-06,2e-06,0.9270833333333334,2e-06,2e-06,2e-06,0.9270833333333334,2e-06,2e-06,2e-06
0.9375000000000001,0.9352943106121846,3.305610293004415,3.305610293004415,0.9375000000000001,8.761643567881862,8.761643567881862,8.761643567881862,0.9375000000000001,1.3427545050772591,1.3427545050772591,1.3427545050772591,0.9375000000000001,0.7811689111086096,0.7811689111086096,0.7811689111086096,0.9375000000000001,2e-06,2e-06,2e-06,0.9375000000000001,2e-06,2e-06,2e-06,0.9375000000000001,2e-06,2e-06,2e-06,0.9375000000000001,2e-06,2e-06,2e-06,0.9375000000000001,2e-06,2e-06,2e-06
0.9375000000000001,3.305610293004415,3.305610293004415,3.305610293004415,0.9375000000000001,8.761643567881862,8.761643567881862,8.761643567881862,0.9375000000000001,1.3427545050772591,1.3427545050772591,1.3427545050772591,0.9375000000000001,0.7811689111086096,0.7811689111086096,0.7811689111086096,0.9375000000000001,2e-06,2e-06,2e-06,0.9375000000000001,2e-06,2e-06,2e-06,0.9375000000000001,2e-06,2e-06,2e-06,0.9375000000000001,2e-06,2e-06,2e-06,0.9375000000000001,2e-06,2e-06,2e-06
0.9479166666666667,3.305610293004415,3.305610293004415,3.305610293004415,0.9479166666666667,8.761643567881862,8.761643567881862,8.761643567881862,0.9479166666666667,1.3427545050772591,1.3427545050772591,1.3427545050772591,0.9479166666666667,0.7811689111086096,0.7811689111086096,0.7811689111086096,0.9479166666666667,2e-06,2e-06,2e-06,0.9479166666666667,2e-06,2e-06,2e-06,0.9479166666666667,2e-06,2e-06,2e-06,0.9479166666666667,2e-06,2e-06,2e-06,0.9479166666666667,2e-06,2e-06,2e-06
0.9479166666666667,3.305610293004415,3.305610293004415,3.305610293004415,0.9479166666666667,8.761643567881862,8.761643567881862,8.761643567881862,0.9479166666666667,1.3427545050772591,1.3427545050772591,1.3427545050772591,0.9479166666666667,0.7811689111086096,0.7811689111086096,0.7811689111086096,0.9479166666666667,2e-06,2e-06,2e-06,0.9479166666666667,2e-06,2e-06,2e-06,0.9479166666666667,2e-06,2e-06,2e-06,0.9479166666666667,2e-06,2e-06,2e-06,0.9479166666666667,2e-06,2e-06,2e-06
0.9583333333333334,3.305610293004415,3.305610293004415,3.305610293004415,0.9583333333333334,8.761643567881862,8.761643567881862,8.761643567881862,0.9583333333333334,1.3427545050772591,1.3427545050772591,1.3427545050772591,0.9583333333333334,0.7811689111086096,0.7811689111086096,0.7811689111086096,0.9583333333333334,2e-06,2e-06,2e-06,0.9583333333333334,2e-06,2e-06,2e-06,0.9583333333333334,2e-06,2e-06,2e-06,0.9583333333333334,2e-06,2e-06,2e-06,0.9583333333333334,2e-06,2e-06,2e-06
0.9583333333333334,3.305610293004415,3.305610293004415,3.305610293004415,0.9583333333333334,8.761643567881862,8.761643567881862,8.761643567881862,0.9583333333333334,1.3427545050772591,1.3427545050772591,1.3427545050772591,0.9583333333333334,0.7811689111086096,0.7811689111086096,0.7811689111086096,0.9583333333333334,2e-06,2e-06,2e-06,0.9583333333333334,2e-06,2e-06,2e-06,0.9583333333333334,2e-06,2e-06,2e-06,0.9583333333333334,2e-06,2e-06,2e-06,0.9583333333333334,2e-06,2e-06,2e-06
0.9687500000000001,3.305610293004415,3.305610293004415,3.305610293004415,0.9687500000000001,8.761643567881862,8.761643567881862,8.761643567881862,0.9687500000000001,1.3427545050772591,1.3427545050772591,1.3427545050772591,0.9687500000000001,0.7811689111086096,0.7811689111086096,0.7811689111086096,0.9687500000000001,2e-06,2e-06,2e-06,0.9687500000000001,2e-06,2e-06,2e-06,0.9687500000000001,2e-06,2e-06,2e-06,0.9687500000000001,2e-06,2e-06,2e-06,0.9687500000000001,2e-06,2e-06,2e-06
0.9687500000000001,3.305610293004415,3.305610293004415,3.305610293004415,0.9687500000000001,8.761643567881862,8.761643567881862,8.761643567881862,0.9687500000000001,1.3427545050772591,1.3427545050772591,1.3427545050772591,0.9687500000000001,0.7811689111086096,0.7811689111086096,0.7811689111086096,0.9687500000000001,2e-06,2e-06,2e-06,0.9687500000000001,2e-06,2e-06,2e-06,0.9687500000000001,2e-06,2e-06,2e-06,0.9687500000000001,2e-06,2e-06,2e-06,0.9687500000000001,2e-06,2e-06,2e-06
0.9791666666666667,3.305610293004415,3.305610293004415,3.305610293004415,0.9791666666666667,8.761643567881862,8.761643567881862,8.761643567881862,0.9791666666666667,1.3427545050772591,1.3427545050772591,1.3427545050772591,0.9791666666666667,0.7811689111086096,0.7811689111086096,0.7811689111086096,0.9791666666666667,2e-06,2e-06,2e-06,0.9791666666666667,2e-06,2e-06,2e-06,0.9791666666666667,2e-06,2e-06,2e-06,0.9791666666666667,2e-06,2e-06,2e-06,0.9791666666666667,2e-06,2e-06,2e-06
0.9791666666666667,3.305610293004415,3.305610293004415,3.305610293004415,0.9791666666666667,8.761643567881862,8.761643567881862,8.761643567881862,0.9791666666666667,1.3427545050772591,1.3427545050772591,1.3427545050772591,0.9791666666666667,0.7811689111086096,0.7811689111086096,0.7811689111086096,0.9791666666666667,2e-06,2e-06,2e-06,0.9791666666666667,2e-06,2e-06,2e-06,0.9791666666666667,2e-06,2e-06,2e-06,0.9791666666666667,2e-06,2e-06,2e-06,0.9791666666666667,2e-06,2e-06,2e-06
0.9895833333333334,3.305610293004415,3.305610293004415,3.305610293004415,0.9895833333333334,8.761643567881862,8.761643567881862,8.761643567881862,0.9895833333333334,1.3427545050772591,1.3427545050772591,1.3427545050772591,0.9895833333333334,0.7811689111086096,0.7811689111086096,0.7811689111086096,0.9895833333333334,2e-06,2e-06,2e-06,0.9895833333333334,2e-06,2e-06,2e-06,0.9895833333333334,2e-06,2e-06,2e-06,0.9895833333333334,2e-06,2e-06,2e-06,0.9895833333333334,2e-06,2e-06,2e-06
0.9895833333333334,3.305610293004415,3.305610293004415,3.305610293004415,0.9895833333333334,8.761643567881862,8.761643567881862,8.761643567881862,0.9895833333333334,1.3427545050772591,1.3427545050772591,1.3427545050772591,0.9895833333333334,0.7811689111086096,0.7811689111086096,0.7811689111086096,0.9895833333333334,2e-06,2e-06,2e-06,0.9895833333333334,2e-06,2e-06,2e-06,0.9895833333333334,2e-06,2e-06,2e-06,0.9895833333333334,2e-06,2e-06,2e-06,0.9895833333333334,2e-06,2e-06,2e-06
1.0,3.305610293004415,3.305610293004415,3.305610293004415,1.0,8.761643567881862,8.761643567881862,8.761643567881862,1.0,1.3427545050772591,1.3427545050772591,1.3427545050772591,1.0,0.7811689111086096,0.7811689111086096,0.7811689111086096,1.0,2e-06,2e-06,2e-06,1.0,2e-06,2e-06,2e-06,1.0,2e-06,2e-06,2e-06,1.0,2e-06,2e-06,2e-06,1.0,2e-06,2e-06,2e-06
1.0,3.305610293004415,3.305610293004415,3.305610293004415,1.0,8.761643567881862,8.761643567881862,8.761643567881862,1.0,1.3427545050772591,1.3427545050772591,1.3427545050772591,1.0,0.7811689111086096,0.7811689111086096,0.7811689111086096,1.0,2e-06,2e-06,2e-06,1.0,2e-06,2e-06,2e-06,1.0,2e-06,2e-06,2e-06,1.0,2e-06,2e-06,2e-06,1.0,2e-06,2e-06,2e-06
